Workbook

Sheet Day2
A1: 1234 | B1: TEST | C1: E(10-Р АНГИ) II-I | D1: 0 | E1: 0 | F1: 0 | G1: 0 | H1: 0
A2: 166655 | B2: Сарангоо | C2: D(7-Р АНГИ) II-I | D2: 0 | E2: 0 | F2: 0 | G2: 0 | H2: 0 | I2: https://drive.google.com/file/d/11DyCmGNVTG_ivDFBkITgp5iXayINvjDm/view?usp=drivesdk | J2: https://drive.google.com/file/d/1HtN-xkextwP5jX3ZNHzyi7ZxRy1vfE2K/view?usp=drivesdk | K2: https://drive.google.com/file/d/1eZT1Q65jK3nmfGTxsd1ibuYnZhmrfHNq/view?usp=drivesdk | L2: https://drive.google.com/file/d/1ZU_MLXeTHxn-5eq8b2jGGm9zGDRZorXx/view?usp=drivesdk | M2: https://drive.google.com/file/d/107Eb0U6cyS8F8-DFrehECDfwVveJZTqu/view?usp=drivesdk | N2: https://drive.google.com/file/d/1Y4nh1L8uY_fRECrWcmtf1K2HeR5cuFnw/view?usp=drivesdk | O2: https://drive.google.com/file/d/1BPEHm6ZXHCgRfFmFRQUT6pSiB9cVuwuY/view?usp=drivesdk
A3: 83909 | B3: Бүрэнтөгс | C3: D(7-Р АНГИ) II-I | D3: 0 | E3: 0 | F3: 0 | G3: 0 | H3: 0 | I3: https://drive.google.com/file/d/1EWBC07aFDCDgahCeuqVgE54hrquVbSc-/view?usp=drivesdk | J3: https://drive.google.com/file/d/1MzglUGxXQT7PWJ1PmlnKAvUI3DZe089Y/view?usp=drivesdk | K3: https://drive.google.com/file/d/1oWgpZWjX25_BrcwzPD8TlAv56TVQXetw/view?usp=drivesdk | L3: https://drive.google.com/file/d/1YTGacUl6IeRadlsOuAiJbRqouTTvE777/view?usp=drivesdk | M3: https://drive.google.com/file/d/1znuL8Ylf7f3Tl07WEivm4XxmLSfVukT7/view?usp=drivesdk
A4: 88991 | B4: Энхтүвшин | C4: D(7-Р АНГИ) II-I | D4: 0 | E4: 0 | F4: 0 | G4: 0 | H4: 0 | I4: https://drive.google.com/file/d/1IPFA-ms8bEi33KUPGkQ0cFlHHp8IrZB4/view?usp=drivesdk | J4: https://drive.google.com/file/d/12MMwL-ynA92Sl5eW_WQNCkhCy7nOyb41/view?usp=drivesdk
A5: 83927 | B5: Сүх-Очир | C5: D(7-Р АНГИ) II-I | D5: 0 | E5: 0 | F5: 0 | G5: 0 | H5: 0 | I5: https://drive.google.com/file/d/1GVkL87DN76YIEr0KPF0U_iQmM14TmFwX/view?usp=drivesdk | J5: https://drive.google.com/file/d/1vkURYVCjNWV4I9-ao8QQM6X_RXH3vFqs/view?usp=drivesdk
A6: 74051 | B6: Бадмаараг | C6: D(7-Р АНГИ) II-I | D6: 0 | E6: 0 | F6: 0 | G6: 0 | H6: 0 | I6: https://drive.google.com/file/d/12qfaI6trCToyD5w8vXP63rO7Xh5PYwwe/view?usp=drivesdk
A7: 112064 | B7: Батмөнх | C7: D(7-Р АНГИ) II-I | D7: 0 | E7: 0 | F7: 0 | G7: 0 | H7: 0 | I7: https://drive.google.com/file/d/18TuqNSldFtjJdgIYZoCrtbK0dMfbISSY/view?usp=drivesdk
A8: 115704 | B8: Амин-Эрдэнэ | C8: D(7-Р АНГИ) II-I | D8: 0 | E8: 0 | F8: 0 | G8: 0 | H8: 0 | I8: https://drive.google.com/file/d/15vJx6KqD4KFCL-i0Ki6OFEuxj__ymFrz/view?usp=drivesdk
A9: 223462 | B9: Цэлмэг | C9: D(7-Р АНГИ) II-I | D9: 0 | E9: 0 | F9: 0 | G9: 0 | H9: 0 | I9: https://drive.google.com/file/d/1ku-vTjU9obw3YDh05cYCh8ITvz_SRzgj/view?usp=drivesdk | J9: https://drive.google.com/file/d/1blYmeVBhkTlwm2Hy51MT8MMiTNHn4AAQ/view?usp=drivesdk
A10: 115699 | B10: Буяндалай | C10: D(7-Р АНГИ) II-I | D10: 0 | E10: 0 | F10: 0 | G10: 0 | H10: 0 | I10: https://drive.google.com/file/d/1NPafRRwQMa3vy74bKJgh9W4ysZ-6zf9u/view?usp=drivesdk | J10: https://drive.google.com/file/d/1rsAa8FdDdVTxsMYhZYWdky2fwHHpQ3cG/view?usp=drivesdk
A11: 141476 | B11: Ганбаатар | C11: D(7-Р АНГИ) II-I | D11: 0 | E11: 0 | F11: 0 | G11: 0 | H11: 0 | I11: https://drive.google.com/file/d/1IOEmhmAQboPoz1QuC3d2HuRG8qIpDYS2/view?usp=drivesdk | J11: https://drive.google.com/file/d/1o2IKPy73RKFglyzNf5U-hNOckpsZAIQx/view?usp=drivesdk
A12: 133280 | B12: Хосбилэг | C12: D(7-Р АНГИ) II-I | D12: 0 | E12: 0 | F12: 0 | G12: 0 | H12: 0 | I12: https://drive.google.com/file/d/1Oml4Q7sOyqZRh-2a7pW2nfUwv312SXaT/view?usp=drivesdk
A13: 74043 | B13: Бямбадорж | C13: D(7-Р АНГИ) II-I | D13: 0 | E13: 0 | F13: 0 | G13: 0 | H13: 0 | I13: https://drive.google.com/file/d/1HtRThoTc_QWkE7Fmx-Gzffzoq4Y-zxE9/view?usp=drivesdk
A14: 165643 | B14: Манлай | C14: D(7-Р АНГИ) II-I | D14: 0 | E14: 0 | F14: 0 | G14: 0 | H14: 0 | I14: https://drive.google.com/file/d/1cDF0pLBKDffctIX50Exf3tAXe1V6RKjC/view?usp=drivesdk
A15: 109722 | B15: Энхжаргал | C15: D(7-Р АНГИ) II-I | D15: 0 | E15: 0 | F15: 0 | G15: 0 | H15: 0 | I15: https://drive.google.com/file/d/1TXx3yi1X3M7MyfsNVTS4fxDfj-qWxuxl/view?usp=drivesdk
A16: 111753 | B16: Амина | C16: D(7-Р АНГИ) II-I | D16: 0 | E16: 0 | F16: 0 | G16: 0 | H16: 0 | I16: https://drive.google.com/file/d/1dnqUkA8vLB29qo7iNkaMq_XGPY8ISr2i/view?usp=drivesdk
A17: 220595 | B17: Оюун-Ундрал | C17: D(7-Р АНГИ) II-I | D17: 0 | E17: 0 | F17: 0 | G17: 0 | H17: 0 | I17: https://drive.google.com/file/d/1n9fUjJBhhPhk9J0T9e8J1mLwwScn0Lao/view?usp=drivesdk | J17: https://drive.google.com/file/d/1PFLtk2_7h275wEnzgLcNElT4h_MUNC7N/view?usp=drivesdk
A18: 181522 | B18: Анужин | C18: D(7-Р АНГИ) II-I | D18: 0 | E18: 0 | F18: 0 | G18: 0 | H18: 0 | I18: https://drive.google.com/file/d/1i85GIcMvPscivRLONpOQQQyDClC9N7ar/view?usp=drivesdk | J18: https://drive.google.com/file/d/1uSswBPaqjWZJrccSXjK2yFxMFd8cMK6s/view?usp=drivesdk
A19: 165616 | B19: Ижилзаяа | C19: D(7-Р АНГИ) II-I | D19: 0 | E19: 0 | F19: 0 | G19: 0 | H19: 0 | I19: https://drive.google.com/file/d/1elDhD-OY-t6BPbY0x11nsmTSUfwYdHQg/view?usp=drivesdk | J19: https://drive.google.com/file/d/1S5EpKPtg4Hqcr9mnPkH2xe8JZUOZyZAY/view?usp=drivesdk | K19: https://drive.google.com/file/d/1zA2spbK8YEwBB-tjf4AKfLpgHUhITEZ-/view?usp=drivesdk
A20: 222710 | B20: Далай | C20: D(7-Р АНГИ) II-I | D20: 0 | E20: 0 | F20: 0 | G20: 0 | H20: 0 | I20: https://drive.google.com/file/d/1XS_SQalBk-Y7KuQxz1z2i-mmADKdqCQe/view?usp=drivesdk | J20: https://drive.google.com/file/d/12Owkhne6KSMexCmQKDOBjwNfkiCy4Jjw/view?usp=drivesdk | K20: https://drive.google.com/file/d/1b90E__hlfp5mUOBcK9H2_UcwQZ74WNJB/view?usp=drivesdk | L20: https://drive.google.com/file/d/1lJYQcwyloEVXF3XAP9Og5UqzYRYGoTUc/view?usp=drivesdk
A21: 187530 | B21: Итгэл | C21: D(7-Р АНГИ) II-I | D21: 0 | E21: 0 | F21: 0 | G21: 0 | H21: 0 | I21: https://drive.google.com/file/d/1ugMOpblkWYJkokPFQyvtUHVIWywsxB4f/view?usp=drivesdk | J21: https://drive.google.com/file/d/1Bp9lBvMoUICePULZ7rxotKNnzKGOl1i0/view?usp=drivesdk | K21: https://drive.google.com/file/d/1g8DR91c5UC4As_NSl4CvrDCshzxH2ijC/view?usp=drivesdk | L21: https://drive.google.com/file/d/1jkg5PSPWcyyN06tiuKFaf2yqZAIQp9-v/view?usp=drivesdk
A22: 138766 | B22: Оюунхорол | C22: D(7-Р АНГИ) II-I | D22: 0 | E22: 0 | F22: 0 | G22: 0 | H22: 0
A23: 174382 | B23: Биндэръяа | C23: D(7-Р АНГИ) II-I | D23: 0 | E23: 0 | F23: 0 | G23: 0 | H23: 0 | I23: https://drive.google.com/file/d/1VCZBPprNaCMdUpYEwnG8xByTRFQbLVJ3/view?usp=drivesdk | J23: https://drive.google.com/file/d/1Zpz-sQly7pSuEgCgHtfUn8_TdUdqd8dU/view?usp=drivesdk | K23: https://drive.google.com/file/d/146BjmAS3wqExeBAgvZEPxzOZ4vbi7-m1/view?usp=drivesdk | L23: https://drive.google.com/file/d/1OCYiVQPA-KRI19PjyXagY2mlx0gKxq_i/view?usp=drivesdk
A24: 117485 | B24: Тайванжаргал | C24: D(7-Р АНГИ) II-I | D24: 0 | E24: 0 | F24: 0 | G24: 0 | H24: 0 | I24: https://drive.google.com/file/d/19Tki1n01ji0F6Kk2c4JrYlQwojtmfvW4/view?usp=drivesdk | J24: https://drive.google.com/file/d/1h99HWDSBxO6GeXeXW4UznspzEiVXF-4l/view?usp=drivesdk | K24: https://drive.google.com/file/d/1Zka1HBvZjh7KWe3VCARggz-TnAlFRUJm/view?usp=drivesdk | L24: https://drive.google.com/file/d/1d2F-2vL5lY5Vb38HlP9Vwqbq7NXKSGwd/view?usp=drivesdk
A25: 186793 | B25: Алтанхүү | C25: D(7-Р АНГИ) II-I | D25: 0 | E25: 0 | F25: 0 | G25: 0 | H25: 0 | I25: https://drive.google.com/file/d/1rYcSocIQ3zaNOiebP_iZQ3hEgIPnqqu3/view?usp=drivesdk | J25: https://drive.google.com/file/d/1jLoSjYiNrDKYs45mw7Q8MUNPiImYvudJ/view?usp=drivesdk | K25: https://drive.google.com/file/d/16pCLv7_bSQhA-g71MCzi7h57KcqXM_Iy/view?usp=drivesdk | L25: https://drive.google.com/file/d/1J4kxPjXYWPOEM26jawngwzrJddMC9P3K/view?usp=drivesdk
A26: 174878 | B26: Тэлмүүн | C26: D(7-Р АНГИ) II-I | D26: 0 | E26: 0 | F26: 0 | G26: 0 | H26: 0 | I26: https://drive.google.com/file/d/1jeaFCCUxj5D0DBbmP5p9K0NylgEeBXb1/view?usp=drivesdk | J26: https://drive.google.com/file/d/1NECfY3EXgdUmmqmVuDiJEd11saT-owKb/view?usp=drivesdk | K26: https://drive.google.com/file/d/10AmW4F_lWiCtCWfI-fdkBvboITpyKurg/view?usp=drivesdk | L26: https://drive.google.com/file/d/1Ryun7BTGNZhmt6TXZUEo2ipdYDdS7zcB/view?usp=drivesdk
A27: 117510 | B27: Аминцэцэг | C27: D(7-Р АНГИ) II-I | D27: 0 | E27: 0 | F27: 0 | G27: 0 | H27: 0 | I27: https://drive.google.com/file/d/1usFDPjQ0bx7KwtGjfYFQX4FLK_UeFdcG/view?usp=drivesdk | J27: https://drive.google.com/file/d/1dygbDv7m2JxOi7dmATTAKF5UDfz6-hEV/view?usp=drivesdk | K27: https://drive.google.com/file/d/1wrFhVsZVWjDZuMTgPKD_FeLvJB-26npy/view?usp=drivesdk | L27: https://drive.google.com/file/d/1KYf5DKIs_zflhqSGEP0uiRvny7yITpXZ/view?usp=drivesdk
A28: 111570 | B28: Аружан | C28: D(7-Р АНГИ) II-I | D28: 0 | E28: 0 | F28: 0 | G28: 0 | H28: 0 | I28: https://drive.google.com/file/d/1AGsbmUxGBHIpaiJIzAOIjP2AgtRPpo10/view?usp=drivesdk | J28: https://drive.google.com/file/d/1fAtbDu1KiwFYDzwzWuovrCrEc6OIwt2j/view?usp=drivesdk
A29: 125987 | B29: Ану-Үжин | C29: D(7-Р АНГИ) II-I | D29: 0 | E29: 0 | F29: 0 | G29: 0 | H29: 0 | I29: https://drive.google.com/file/d/1xmi8HhEne-XSPV5_75Caz64anAPFntsy/view?usp=drivesdk | J29: https://drive.google.com/file/d/1xDDhi1B8xB-1mjCfTIVqpIe23wqclHDR/view?usp=drivesdk | K29: https://drive.google.com/file/d/19_ghNUg5_rBAGX8a3AAjwR-DOwFkImKl/view?usp=drivesdk
A30: 223952 | B30: Нансалмаа | C30: D(7-Р АНГИ) II-I | D30: 0 | E30: 0 | F30: 0 | G30: 0 | H30: 0 | I30: https://drive.google.com/file/d/17MCY7DnwacUgqS9nnO_5FrzIWrlA0Bes/view?usp=drivesdk | J30: https://drive.google.com/file/d/1oZ_IEv-WTRqxq0-7nnoaZnnoCE6s1fJc/view?usp=drivesdk | K30: https://drive.google.com/file/d/1OCgakN8BZBLd7h0QdRD2rq-WCabwPTSd/view?usp=drivesdk | L30: https://drive.google.com/file/d/1vnss1A3B0MzRWtypVz4W77iTaoKIJsuH/view?usp=drivesdk
A31: 109847 | B31: Анужин | C31: D(7-Р АНГИ) II-I | D31: 0 | E31: 0 | F31: 0 | G31: 0 | H31: 0 | I31: https://drive.google.com/file/d/1CEue2-2gqriODsNjhQFskdeCKugWxIic/view?usp=drivesdk | J31: https://drive.google.com/file/d/1DiQ9NiD-2SFeXpSV0jDxY5X9pW9VmTs7/view?usp=drivesdk | K31: https://drive.google.com/file/d/1KWOXmSPvkE_L61EGyOG8mXeVAV0veVFB/view?usp=drivesdk
A32: 88997 | B32: Мянганбаяр | C32: D(7-Р АНГИ) II-I | D32: 0 | E32: 0 | F32: 0 | G32: 0 | H32: 0 | I32: https://drive.google.com/file/d/1IgbeVKCkSLFIwjud2HgrnCIUQUPIoJM7/view?usp=drivesdk
A33: 188003 | B33: Энхжаргал | C33: D(7-Р АНГИ) II-I | D33: 0 | E33: 0 | F33: 0 | G33: 0 | H33: 0 | I33: https://drive.google.com/file/d/1WRzunmP2eC_QdEPXjjRbnr_vMX196fT1/view?usp=drivesdk | J33: https://drive.google.com/file/d/1ZmvPMz6sP6rowJXp1a1g-Kv_6177_hm7/view?usp=drivesdk | K33: https://drive.google.com/file/d/1-Osw0Tn-YmPZXy4Yfu6YLSt8ecsr0zPk/view?usp=drivesdk | L33: https://drive.google.com/file/d/1TBXwGSr57m20I07r3qe32mm4sVy3Y4f7/view?usp=drivesdk
A34: 174562 | B34: Бат-Ирээдүй | C34: D(7-Р АНГИ) II-I | D34: 0 | E34: 0 | F34: 0 | G34: 0 | H34: 0 | I34: https://drive.google.com/file/d/1rmNLwsx59Qx4W2-mByQyC3f4QTAyuSjw/view?usp=drivesdk | J34: https://drive.google.com/file/d/1D5u0R93iNNZJdLDOXXZoACiosKiH_x50/view?usp=drivesdk | K34: https://drive.google.com/file/d/10Yld1EfqOEp3zeYR7waqJUusz5P76NjD/view?usp=drivesdk | L34: https://drive.google.com/file/d/1Vnz8m1ONpyyVVI8OsBapI-hjY2LEhoyn/view?usp=drivesdk
A35: 111331 | B35: Хишигмаа | C35: D(7-Р АНГИ) II-I | D35: 0 | E35: 0 | F35: 0 | G35: 0 | H35: 0 | I35: https://drive.google.com/file/d/1--d4xMXodBCFH_9fLl2K4rIG_uxVFCjr/view?usp=drivesdk | J35: https://drive.google.com/file/d/1Z94BP3UGA8qYLP-4jISUsqVmyic8lcsY/view?usp=drivesdk
A36: 74053 | B36: Эрхэмбэлгэ | C36: D(7-Р АНГИ) II-I | D36: 0 | E36: 0 | F36: 0 | G36: 0 | H36: 0 | I36: https://drive.google.com/file/d/1c01n9iGXwRQlmJCq1vL7tEhMy_RZ2CD7/view?usp=drivesdk | J36: https://drive.google.com/file/d/1DZpJ29fJdG-cLNZKT1YQjbEy2Tep1J6Z/view?usp=drivesdk
A37: 83920 | B37: Хулан | C37: D(7-Р АНГИ) II-I | D37: 0 | E37: 0 | F37: 0 | G37: 0 | H37: 0 | I37: https://drive.google.com/file/d/1abV_IEfeUOoUFjw8legxMWgyY_Oz7ZbN/view?usp=drivesdk | J37: https://drive.google.com/file/d/1KLAlYwJ4YVKSzA-0m4P7CkaVBixc3es4/view?usp=drivesdk | K37: https://drive.google.com/file/d/1NMbYP9jTl5oHJpR9rByoLWIj7IGuOwJZ/view?usp=drivesdk
A38: 175004 | B38: Чингүүн | C38: D(7-Р АНГИ) II-I | D38: 0 | E38: 0 | F38: 0 | G38: 0 | H38: 0 | I38: https://drive.google.com/file/d/1mJXbYdt71KGqCmdXiJY4xzxD-KL0FiOt/view?usp=drivesdk | J38: https://drive.google.com/file/d/1QSXcqD4tjrkP1Myh0NPMZXRx6c3-2ya4/view?usp=drivesdk
A39: 95427 | B39: Өнөмөнхлэй | C39: D(7-Р АНГИ) II-I | D39: 0 | E39: 0 | F39: 0 | G39: 0 | H39: 0 | I39: https://drive.google.com/file/d/1ISP0-XXiWrc0x7q8IO1rm7Y7bZ8JskY1/view?usp=drivesdk | J39: https://drive.google.com/file/d/1KihAV4QbUYvjtEsIskinRr9Rr6gA29he/view?usp=drivesdk | K39: https://drive.google.com/file/d/12f_fDKG5R8VXoS-zgdQ8rAM2QsDAeH_J/view?usp=drivesdk | L39: https://drive.google.com/file/d/10wMg9NgDzALkcHieCPg6D2_26nuEw9px/view?usp=drivesdk
A40: 124028 | B40: Цэлмэг | C40: D(7-Р АНГИ) II-I | D40: 0 | E40: 0 | F40: 0 | G40: 0 | H40: 0 | I40: https://drive.google.com/file/d/1H46UyJ-qhljzlujWzwA-I97cpafozqLp/view?usp=drivesdk | J40: https://drive.google.com/file/d/1dVL6Eunm-sQgfY9nCOOhqvIZ6pNacN-i/view?usp=drivesdk
A41: 213249 | B41: Оюунбилэг | C41: D(7-Р АНГИ) II-I | D41: 0 | E41: 0 | F41: 0 | G41: 0 | H41: 0 | I41: https://drive.google.com/file/d/1iag5WOefLxiqnbcOUNeySMoMsOGBbxeU/view?usp=drivesdk | J41: https://drive.google.com/file/d/13rYBSXWAhmE1_631Azr9hqu6HZN7CHuI/view?usp=drivesdk | K41: https://drive.google.com/file/d/13XjOrduQbcpf4O7cugGiVh9LLK4RhoQF/view?usp=drivesdk | L41: https://drive.google.com/file/d/1rqtC_Nlr9WMX5dxzyddAQv1lrvdqggiS/view?usp=drivesdk
A42: 113065 | B42: Элбэгзаяа | C42: D(7-Р АНГИ) II-I | D42: 0 | E42: 0 | F42: 0 | G42: 0 | H42: 0 | I42: https://drive.google.com/file/d/1hvj6PIno1wY0A5gqZXIZCPc2PfG-Uc88/view?usp=drivesdk | J42: https://drive.google.com/file/d/146Dga4JtEmU--yax25VopTz38LXUsWlQ/view?usp=drivesdk | K42: https://drive.google.com/file/d/1tyKENWgYb_3AMbVukMF6hSspD0wdn2f3/view?usp=drivesdk | L42: https://drive.google.com/file/d/1FS-AoUqjhNS9c0-YJ1DiXQ4bC_SMsfUi/view?usp=drivesdk
A43: 174464 | B43: Очирбат | C43: D(7-Р АНГИ) II-I | D43: 0 | E43: 0 | F43: 0 | G43: 0 | H43: 0 | I43: https://drive.google.com/file/d/1MFJ7LNMD5IBQWrZ_6l-tdkK_SftCOF5i/view?usp=drivesdk | J43: https://drive.google.com/file/d/1K8AHOgQV3jYxdYXf7nK6sIabx_DEtbd7/view?usp=drivesdk
A44: 181525 | B44: Хүслэн | C44: D(7-Р АНГИ) II-I | D44: 0 | E44: 0 | F44: 0 | G44: 0 | H44: 0 | I44: https://drive.google.com/file/d/11Jw71eSPwkx7Bf13Ypyx3jL4nasOkG10/view?usp=drivesdk | J44: https://drive.google.com/file/d/1KUz_mc222xmN5rNgyIVvh5teRBB-qYRm/view?usp=drivesdk | K44: https://drive.google.com/file/d/1eNJ2lDZuSWDvgud6yN1DQ4gpQ0Xta4QB/view?usp=drivesdk
A45: 164472 | B45: Гансүлд | C45: D(7-Р АНГИ) II-I | D45: 0 | E45: 0 | F45: 0 | G45: 0 | H45: 0 | I45: https://drive.google.com/file/d/1xiNsCcvKI7XGtTYGUWS4A0Ez5L0fAB1s/view?usp=drivesdk | J45: https://drive.google.com/file/d/1AKw71qER-2oDQ_KMx7KJv4jShwLxK-16/view?usp=drivesdk | K45: https://drive.google.com/file/d/1Gu3KXm-BxaGTFi_oj6vaMmtOZnjeZLLH/view?usp=drivesdk | L45: https://drive.google.com/file/d/1y_bgGyglXoKBfeczbclwjzh9OFDf6uG4/view?usp=drivesdk
A46: 196042 | B46: Энх-Амгалан | C46: D(7-Р АНГИ) II-I | D46: 0 | E46: 0 | F46: 0 | G46: 0 | H46: 0 | I46: https://drive.google.com/file/d/1t9UzzA7b1AwAjPsQ0XUCgmh1ImyaK5xz/view?usp=drivesdk | J46: https://drive.google.com/file/d/1ED_5OHzGASD8-jLv_sCsxj0QJH2HZAKN/view?usp=drivesdk | K46: https://drive.google.com/file/d/1n4Ihd7hQpWnx69XXs_lF3IFPx7U-CL9T/view?usp=drivesdk | L46: https://drive.google.com/file/d/12Ct-H0eDTmGzJIhjBJY6NeggTPqdNvfZ/view?usp=drivesdk
A47: 192744 | B47: Ананд | C47: D(7-Р АНГИ) II-I | D47: 2 | E47: 0 | F47: 0 | G47: 0 | H47: 0 | I47: https://drive.google.com/file/d/1_ea7AitcrJ2RSR4VEi_q1q8M6PenHzu7/view?usp=drivesdk | J47: https://drive.google.com/file/d/1M27LDkBMiBHRjiHuTBI18dOW8sMmrFkv/view?usp=drivesdk
A48: 186917 | B48: Эрхсаран | C48: D(7-Р АНГИ) II-I | D48: 4 | E48: 0 | F48: 0 | G48: 0 | H48: 0 | I48: https://drive.google.com/file/d/1OXP0J8t3jObJ-lGRTwuv_HnuL8gjBXHj/view?usp=drivesdk | J48: https://drive.google.com/file/d/1hOhm6uS9KZc41ow1ZnGTSQoxsMDltSTU/view?usp=drivesdk | K48: https://drive.google.com/file/d/1shwbzTplHls8GXEZtSL5dpwbetbvbnEO/view?usp=drivesdk | L48: https://drive.google.com/file/d/1fabroA3mXvTWT-4rf8JqyAmeo2Sb3UcY/view?usp=drivesdk
A49: 196638 | B49: Энхзаяа | C49: D(7-Р АНГИ) II-I | D49: 0 | E49: 0 | F49: 0 | G49: 0 | H49: 0 | I49: https://drive.google.com/file/d/12oFrpKcauDnSpY2IPiB5o3TpHwmqeWKu/view?usp=drivesdk | J49: https://drive.google.com/file/d/1O51dFTMGSEto5v_snqVRKfOrr1WbgPqz/view?usp=drivesdk | K49: https://drive.google.com/file/d/1-wv2zFFFBUF4XiOxdEbC6-WADab8sx2W/view?usp=drivesdk | L49: https://drive.google.com/file/d/1Pnct-jROeQEN0XwN9X02aaENH38zoS48/view?usp=drivesdk
A50: 144390 | B50: Минжин | C50: D(7-Р АНГИ) II-I | D50: 0 | E50: 0 | F50: 0 | G50: 0 | H50: 0 | I50: https://drive.google.com/file/d/18KS0Rv71909PM6wVDP5zj408x-Fw2eU5/view?usp=drivesdk | J50: https://drive.google.com/file/d/1w-crruHoUsvabo1rkHsbNYgXDOjZpA_I/view?usp=drivesdk | K50: https://drive.google.com/file/d/18HfvBH_KhwnW_3AVDe2XIQ9Q0O0aj5fs/view?usp=drivesdk
A51: 174556 | B51: Бадрал | C51: D(7-Р АНГИ) II-I | D51: 3 | E51: 0 | F51: 0 | G51: 0 | H51: 0 | I51: https://drive.google.com/file/d/1XUAeZ7BC0vm5fdMOc3BYbEGAzFR7jSLB/view?usp=drivesdk | J51: https://drive.google.com/file/d/1CP8Up5bvOPm7yByAIgn7UQ_WtjCmwOyM/view?usp=drivesdk | K51: https://drive.google.com/file/d/1uZFdncf9IscB6-c_bdy6FzbcjeTP_RII/view?usp=drivesdk
A52: 136384 | B52: Мягмарсүрэн | C52: D(8-Р АНГИ) II-I | D52: 2 | E52: 0 | F52: 0 | G52: 0 | H52: 0 | I52: https://drive.google.com/file/d/18gnObGo-HIfCNQIZdsTHYZTpJITDOh_I/view?usp=drivesdk | J52: https://drive.google.com/file/d/1lBIxnRN1bBbtmZYfokv-cNqLVTVEyV0E/view?usp=drivesdk | K52: https://drive.google.com/file/d/1UyLTmhYkiOkKU_UCjN8YyNMyZ5hTUXwK/view?usp=drivesdk | L52: https://drive.google.com/file/d/1BJ5GP_xBpS4684RS9-SkV2ha_lUanbx3/view?usp=drivesdk | M52: https://drive.google.com/file/d/1p9Se1PIpzu2QBsyfDd8qNEIbShK9WN1t/view?usp=drivesdk | N52: https://drive.google.com/file/d/10qVbKHZBcYO_vJ7iWYZyaNfYHrczHpgF/view?usp=drivesdk
A53: 6061 | B53: Цэцэгбал | C53: D(8-Р АНГИ) II-I | D53: 2 | E53: 0 | F53: 0 | G53: 0 | H53: 0 | I53: https://drive.google.com/file/d/1NVkJxyajBsnaKph4DC4Ae8kLzL7aglVH/view?usp=drivesdk | J53: https://drive.google.com/file/d/1ETpAXwtavsNHCMVLvgBj3QP3CXrfq1ij/view?usp=drivesdk | K53: https://drive.google.com/file/d/1hAoPqmVwp07lI8CuajZXH1Lo7l1sXCaB/view?usp=drivesdk | L53: https://drive.google.com/file/d/1tT-zLt-6q3OkvRbvqibSQnv5G9cmDy77/view?usp=drivesdk
A54: 83902 | B54: Соёлтогтох | C54: D(8-Р АНГИ) II-I | D54: 1 | E54: 0 | F54: 2 | G54: 0 | H54: 0 | I54: https://drive.google.com/file/d/1rJUADVHsc0fOgGUEl0yavJkfyyqf8Q5M/view?usp=drivesdk | J54: https://drive.google.com/file/d/1lOX9-Xv825EQaSjiQ3m55GI2soZM8UmQ/view?usp=drivesdk
A55: 72374 | B55: Аззаяа | C55: D(8-Р АНГИ) II-I | D55: 0 | E55: 0 | F55: 5 | G55: 0 | H55: 0 | I55: https://drive.google.com/file/d/1FSS9bMwF-W7RhRdXfxeJ1M0FhwpsEYJ5/view?usp=drivesdk | J55: https://drive.google.com/file/d/1PFjzRZzmBeQE8TUhNn1im0NJIPjc5CV5/view?usp=drivesdk | K55: https://drive.google.com/file/d/1fIUjlS_y3Zubf5q4W7MsQWn9664k-syk/view?usp=drivesdk
A56: 72378 | B56: Анхилуун | C56: D(8-Р АНГИ) II-I | D56: 0 | E56: 0 | F56: 5 | G56: 0 | H56: 0 | I56: https://drive.google.com/file/d/18ePMci0q1WNpVojBHksvBPyD_N-oY6fC/view?usp=drivesdk | J56: https://drive.google.com/file/d/1zcHsipFLfTZUbgHvcrLzVm63P4epFJAA/view?usp=drivesdk | K56: https://drive.google.com/file/d/1UbqLU1WNxGcGGsIdJ2796TKnPcyFMVU4/view?usp=drivesdk
A57: 132785 | B57: Өсөх-ирээдүй | C57: D(8-Р АНГИ) II-I | D57: 0 | E57: 0 | F57: 0 | G57: 0 | H57: 0 | I57: https://drive.google.com/file/d/1m4LSkqq2tqLfG6kfJp6w1_F8IknwE10j/view?usp=drivesdk | J57: https://drive.google.com/file/d/1zkbu6H3iXg1cjAQSLtHxLIjBAVTuLqdq/view?usp=drivesdk | K57: https://drive.google.com/file/d/1MaO81CnsVpacQGC8-ASGzYsAK3DAl2ri/view?usp=drivesdk
A58: 185342 | B58: Үжин | C58: D(8-Р АНГИ) II-I | D58: 0 | E58: 0 | F58: 0 | G58: 0 | H58: 0 | I58: https://drive.google.com/file/d/1kpfUZWJssYprHQBTdCqkUg-F819MNBpU/view?usp=drivesdk | J58: https://drive.google.com/file/d/14fjho6RrhMIOoYnBGwq9_wgXXGchaF-m/view?usp=drivesdk | K58: https://drive.google.com/file/d/13MKYO61P6jYkgOir5iH9h59byEG9miVV/view?usp=drivesdk
A59: 126050 | B59: Батбаян | C59: D(8-Р АНГИ) II-I | D59: 0 | E59: 0 | F59: 0 | G59: 0 | H59: 0 | I59: https://drive.google.com/file/d/1wH9uMb4KSYpuv1awKtAp3QXmvGe0V4GZ/view?usp=drivesdk | J59: https://drive.google.com/file/d/1GhdBSYQDL40GDsjWogYwBwbe___Al0OM/view?usp=drivesdk | K59: https://drive.google.com/file/d/1eFQua7TBToKKRn_1W6IZgKNrbeblhzYs/view?usp=drivesdk
A60: 78586 | B60: Төгөлдөр | C60: D(8-Р АНГИ) II-I | D60: 0 | E60: 0 | F60: 0 | G60: 0 | H60: 0 | I60: https://drive.google.com/file/d/1wv1O8CGH1P9CCZm9PboeIy5FbNKzitJw/view?usp=drivesdk
A61: 187776 | B61: Алтжин | C61: D(8-Р АНГИ) II-I | D61: 0 | E61: 0 | F61: 0 | G61: 0 | H61: 0 | I61: https://drive.google.com/file/d/1Ol9QF9zq1UwtdNzxb2tgk68E2t3wNlJu/view?usp=drivesdk | J61: https://drive.google.com/file/d/10TiNhqxSqsiUwc5kpRc7OJ4Z1i9fyvk8/view?usp=drivesdk | K61: https://drive.google.com/file/d/1LT09QoEOVlV9HUAg-zMxtbJRrRTpBlGn/view?usp=drivesdk
A62: 110891 | B62: Амарбаясгалан | C62: D(8-Р АНГИ) II-I | D62: 0 | E62: 0 | F62: 0 | G62: 0 | H62: 0 | I62: https://drive.google.com/file/d/1DO4g_VSkSGQFmkS82mPxVmgRV7Quek5s/view?usp=drivesdk | J62: https://drive.google.com/file/d/1fH_A2OvwE3F2DcAlWAwWgK8rPsRDElH2/view?usp=drivesdk | K62: https://drive.google.com/file/d/1iF0hY6HJlD4TUo95iKZK7BXt5NGdpRck/view?usp=drivesdk
A63: 72495 | B63: Ангараг | C63: D(8-Р АНГИ) II-I | D63: 0 | E63: 0 | F63: 0 | G63: 0 | H63: 0 | I63: https://drive.google.com/file/d/1FVzNNc93cdrvbHyttTY7IQxtRsazrJHg/view?usp=drivesdk | J63: https://drive.google.com/file/d/1LRz6IvLhqH9fuI95S5zCdyyhp855n68Z/view?usp=drivesdk | K63: https://drive.google.com/file/d/1vqP69IXS5P6VAIbmLT8ZYYtLVF2oUkkE/view?usp=drivesdk
A64: 88983 | B64: Энхрий | C64: D(8-Р АНГИ) II-I | D64: 0 | E64: 0 | F64: 0 | G64: 0 | H64: 0 | I64: https://drive.google.com/file/d/1KG3n_JAIcRG8WGj8SawdUqup6FcGL6uq/view?usp=drivesdk | J64: https://drive.google.com/file/d/12a2pH11DEr5aCX9LV4nOb3PqDq5bNzbZ/view?usp=drivesdk
A65: 126053 | B65: Ганням | C65: D(8-Р АНГИ) II-I | D65: 0 | E65: 0 | F65: 0 | G65: 0 | H65: 0 | I65: https://drive.google.com/file/d/1V4FasFvh43lkvwHvkQFqox_iXQdVhWbm/view?usp=drivesdk
A66: 110920 | B66: Энгүүн | C66: D(8-Р АНГИ) II-I | D66: 2 | E66: 0 | F66: 0 | G66: 0 | H66: 0 | I66: https://drive.google.com/file/d/1abJ9sKuB854PttaHNdCaryIFqRUq4LMb/view?usp=drivesdk | J66: https://drive.google.com/file/d/1Wh5GAtQotcE6-vafUqkVxIKTiqxiRDL4/view?usp=drivesdk | K66: https://drive.google.com/file/d/1Su9zmPMlhYnp-w1v17fyHkgMvTrVNfPL/view?usp=drivesdk
A67: 118386 | B67: Амарзаяа | C67: D(8-Р АНГИ) II-I | D67: 0 | E67: 0 | F67: 0 | G67: 0 | H67: 0 | I67: https://drive.google.com/file/d/1vQXWm3R6j_JX5ELAq8tqmcP4h57T9GWM/view?usp=drivesdk | J67: https://drive.google.com/file/d/1RhKFMe47J3cpOeCu-opfcgz91fGRveyt/view?usp=drivesdk | K67: https://drive.google.com/file/d/198PpIAmcR4quNYD9FtB15cuMescS5KKP/view?usp=drivesdk
A68: 83905 | B68: Номундалай | C68: D(8-Р АНГИ) II-I | D68: 0 | E68: 0 | F68: 0 | G68: 0 | H68: 0 | I68: https://drive.google.com/file/d/1ga5BBthqh6iIGDM8WU3OV2pZW7CEHgZA/view?usp=drivesdk | J68: https://drive.google.com/file/d/1KXqy4La7YVkBeR1mnXfPmDvFliwkJb2D/view?usp=drivesdk | K68: https://drive.google.com/file/d/1nKlpd_1CMicK3s402ilGGa1zGqNbAkOX/view?usp=drivesdk
A69: 83897 | B69: Марал | C69: D(8-Р АНГИ) II-I | D69: 0 | E69: 0 | F69: 0 | G69: 0 | H69: 0 | I69: https://drive.google.com/file/d/1DST_4btsURE97yWiD-gplMjCVoJjbTxI/view?usp=drivesdk | J69: https://drive.google.com/file/d/1Tnyzh0w-D1-s4eO4KHTKHaiondwrc4ro/view?usp=drivesdk | K69: https://drive.google.com/file/d/1Vt9fVBBK8SNNeryaino2wU1x4DJvCGkx/view?usp=drivesdk
A70: 72328 | B70: Наранбаяр | C70: D(8-Р АНГИ) II-I | D70: 0 | E70: 0 | F70: 0 | G70: 0 | H70: 0 | I70: https://drive.google.com/file/d/1monlEb_AT_0LZFlsyF-Pt4IdwTSZ0oGw/view?usp=drivesdk | J70: https://drive.google.com/file/d/1w4HYX8v6o4giuc2I4WrWcMXDbv0MrZW6/view?usp=drivesdk | K70: https://drive.google.com/file/d/1RMkDGZaJ_Hhtobp50Xn5hTKA9rHYFE-s/view?usp=drivesdk
A71: 126092 | B71: Баяржавхлан | C71: D(8-Р АНГИ) II-I | D71: 0 | E71: 0 | F71: 0 | G71: 0 | H71: 0 | I71: https://drive.google.com/file/d/1QRIpZMVf-aCGs2Cs1HjChy3AK8ivQLmi/view?usp=drivesdk | J71: https://drive.google.com/file/d/1wwAwhI8SiqbnWwWJZ6SM2RPxj5F2TVtB/view?usp=drivesdk | K71: https://drive.google.com/file/d/1PaWLjACglloF6-vVBFVq1lEv-kInOV6B/view?usp=drivesdk
A72: 133098 | B72: Баянбат | C72: D(8-Р АНГИ) II-I | D72: 0 | E72: 0 | F72: 0 | G72: 0 | H72: 0 | I72: https://drive.google.com/file/d/1N7IX0Dn9oEqcy9JhtRlNywqUcUjwhHX7/view?usp=drivesdk | J72: https://drive.google.com/file/d/1tRNeNWPePQx5PeSmurtPIAaRop4BRfvC/view?usp=drivesdk | K72: https://drive.google.com/file/d/13mM246MSB8kTySX3wLtPKCdKZFG3sxlr/view?usp=drivesdk
A73: 48532 | B73: Нямцэцэг | C73: D(8-Р АНГИ) II-I | D73: 0 | E73: 0 | F73: 0 | G73: 0 | H73: 0 | I73: https://drive.google.com/file/d/1BDmUdJT_kBA1eS7-z02-3S2n2Oybkuj9/view?usp=drivesdk | J73: https://drive.google.com/file/d/1LBhroW4Wvzt6T_N6-Z9iPSs8BAoM26DP/view?usp=drivesdk | K73: https://drive.google.com/file/d/1O8euPVTvHArVlPNX7rnAP731pqZdMc5o/view?usp=drivesdk
A74: 165598 | B74: Амин-Эрдэнэ | C74: D(8-Р АНГИ) II-I | D74: 0 | E74: 0 | F74: 0 | G74: 0 | H74: 0 | I74: https://drive.google.com/file/d/1rwA3xihgZNh9O9YAK50KJoYoT8uN4Vvy/view?usp=drivesdk | J74: https://drive.google.com/file/d/1WL2-S7KWwsmNgxIv1UfTeCRKTkanqSZV/view?usp=drivesdk | K74: https://drive.google.com/file/d/1xJrAcZiSpN8VfuvKsFnobZk6sr5a4n81/view?usp=drivesdk
A75: 175032 | B75: Эрхсаран | C75: D(8-Р АНГИ) II-I | D75: 0 | E75: 0 | F75: 0 | G75: 0 | H75: 0 | I75: https://drive.google.com/file/d/1IhE5sKnNckMSr4kUpHN5Jvie2NHMe55a/view?usp=drivesdk | J75: https://drive.google.com/file/d/1v_aTxVlI3GLHQgY3r0rWXjVn73LGYMdT/view?usp=drivesdk | K75: https://drive.google.com/file/d/1pCSozqfdBQ3WT6_Vl1vf7FcDEYllYcax/view?usp=drivesdk
A76: 118402 | B76: Хулан | C76: D(8-Р АНГИ) II-I | D76: 0 | E76: 0 | F76: 0 | G76: 0 | H76: 0 | I76: https://drive.google.com/file/d/1-iBZ8iHM_Rc-sDtK-BaX-KkBy-Rc6kHh/view?usp=drivesdk | J76: https://drive.google.com/file/d/1kkAuVFUxZs3Ko1wwSaR2z24nmDjmx-fD/view?usp=drivesdk
A77: 212534 | B77: Мөнх-Үжин | C77: D(8-Р АНГИ) II-I | D77: 0 | E77: 0 | F77: 0 | G77: 0 | H77: 0 | I77: https://drive.google.com/file/d/1u1Mmr9PIk3ur60PeMs6RpYT8_8q0ajFg/view?usp=drivesdk | J77: https://drive.google.com/file/d/1W_4AFAiFMnc4XK7ZpljLpQHkHsscY29_/view?usp=drivesdk | K77: https://drive.google.com/file/d/1yxPw35_2TbVTKDrkISthVYQkEgF1OX4E/view?usp=drivesdk
A78: 185228 | B78: Номин-Эрдэнэ | C78: D(8-Р АНГИ) II-I | D78: 0 | E78: 0 | F78: 0 | G78: 0 | H78: 0 | I78: https://drive.google.com/file/d/1TS87HyjfhEKAGkV1rLBb0GZCw9O1kj5n/view?usp=drivesdk | J78: https://drive.google.com/file/d/1rneWLK-KIPtSE6Pz_aX-J4YCuyrPc83Y/view?usp=drivesdk | K78: https://drive.google.com/file/d/1KchufPUKrjrLLoAcGhLv8jO2SYaQ5zaT/view?usp=drivesdk
A79: 161745 | B79: Болормаа | C79: D(8-Р АНГИ) II-I | D79: 0 | E79: 0 | F79: 0 | G79: 0 | H79: 0 | I79: https://drive.google.com/file/d/1MC2VZMwERNAOgChWh-QWvWBo5kGx3AHG/view?usp=drivesdk | J79: https://drive.google.com/file/d/1BNiVVQIHdjwc6DyczMEtGTrwAHhHyVHK/view?usp=drivesdk | K79: https://drive.google.com/file/d/1uGylT1Dc7Y7hWLRqAM7eXUiWs-oSB8Xv/view?usp=drivesdk
A80: 164796 | B80: Цэнгүүн | C80: D(8-Р АНГИ) II-I | D80: 0 | E80: 0 | F80: 0 | G80: 0 | H80: 0 | I80: https://drive.google.com/file/d/1ADKcm9hQc4UF6eulOERevAEJa_8LpRbP/view?usp=drivesdk | J80: https://drive.google.com/file/d/1yFmeXLQmXhX9skUvYtpkFEY8-JdXXMPG/view?usp=drivesdk | K80: https://drive.google.com/file/d/1DCB9JaIEKkEjfsEmMB5PNCMHWShuCOG_/view?usp=drivesdk
A81: 190426 | B81: Түмэнжаргал | C81: D(8-Р АНГИ) II-I | D81: 0 | E81: 0 | F81: 0 | G81: 0 | H81: 0 | I81: https://drive.google.com/file/d/1IQgfVelIKe6lpWbsWAkRlEIdcYch-YYN/view?usp=drivesdk | J81: https://drive.google.com/file/d/1E1VElBcJ5OdOB8vCr1hYmGgvpiUN6shA/view?usp=drivesdk | K81: https://drive.google.com/file/d/1bp7ykyVeCJ06vxMRMIlUvSCzVTkn4gJs/view?usp=drivesdk
A82: 121837 | B82: Тамир | C82: D(8-Р АНГИ) II-I | D82: 0 | E82: 0 | F82: 0 | G82: 0 | H82: 0 | I82: https://drive.google.com/file/d/17OVHkb5lsTens0h3sdGMxFg6UsJ1l_bm/view?usp=drivesdk | J82: https://drive.google.com/file/d/186tKLS169lbDZp5cBbmYYNSreA7rW7QG/view?usp=drivesdk | K82: https://drive.google.com/file/d/1D82sMWC4o-y1YWiT4Ls-gkwnlJNWtBTd/view?usp=drivesdk
A83: 155596 | B83: Амин-Эрдэнэ | C83: D(8-Р АНГИ) II-I | D83: 4 | E83: 7 | F83: 0 | G83: 0 | H83: 0 | I83: https://drive.google.com/file/d/1MKjGPtS9_-YGeMjuf8SesiysHq4rlDH5/view?usp=drivesdk | J83: https://drive.google.com/file/d/1obBIg1JLKUNMDpmWaRnPlOo--pyKwtF-/view?usp=drivesdk | K83: https://drive.google.com/file/d/1Gz-ag-FBvYA9eeH2vqG18zgeebnwrxJ1/view?usp=drivesdk | L83: https://drive.google.com/file/d/1PcltE8ojKffIRB8XCUxt8hQHyADW8p54/view?usp=drivesdk | M83: https://drive.google.com/file/d/1pAFcpt6AoiEm9cxqgWVyu1luGFeHfJcO/view?usp=drivesdk
A84: 188113 | B84: Баялагмаа | C84: D(8-Р АНГИ) II-I | D84: 0 | E84: 0 | F84: 0 | G84: 0 | H84: 0 | I84: https://drive.google.com/file/d/1e0LAGnUG6OBuOFHYTNw0nWl--bs7Nug5/view?usp=drivesdk | J84: https://drive.google.com/file/d/1ruMUrqM3jGTo5BbKpf5OcCWF1n0CJWXP/view?usp=drivesdk | K84: https://drive.google.com/file/d/1dGrA6qqSizTc81mIaau_wBtE6I8jfSaf/view?usp=drivesdk
A85: 207261 | B85: Энхзаяа | C85: D(8-Р АНГИ) II-I | D85: 0 | E85: 0 | F85: 0 | G85: 7 | H85: 0 | I85: https://drive.google.com/file/d/1iZ2QM4ulRmMGpxdrJMWtsabpQf3bBRXh/view?usp=drivesdk | J85: https://drive.google.com/file/d/1gU2YWKVzOxoVpynNZqJHkXV-rryDSSzm/view?usp=drivesdk | K85: https://drive.google.com/file/d/1UtLFd0Wn9P6U5yD_tgDgh5s5i613Mxru/view?usp=drivesdk | L85: https://drive.google.com/file/d/11vH7dNqil5rBfxfrObV6b1gIsEzoCJDC/view?usp=drivesdk
A86: 223928 | B86: Бахшашти | C86: D(8-Р АНГИ) II-I | D86: 0 | E86: 0 | F86: 0 | G86: 0 | H86: 0 | I86: https://drive.google.com/file/d/17Ng2P3BZXlGJTxLA_mrSXdLOFMB298t6/view?usp=drivesdk | J86: https://drive.google.com/file/d/1nny3sHz6YcTtF49VANPduO2iUkpo9jjc/view?usp=drivesdk | K86: https://drive.google.com/file/d/12imvTrOkvspyJ96bD7Fgol14jvj9tF3r/view?usp=drivesdk
A87: 111183 | B87: Азжаргал | C87: D(8-Р АНГИ) II-I | D87: 0 | E87: 0 | F87: 0 | G87: 0 | H87: 0 | I87: https://drive.google.com/file/d/118i7Vy0-laFOvb3_YX8tI2Xrxw3JMK6n/view?usp=drivesdk | J87: https://drive.google.com/file/d/1A28cfBfrETk_tZASelACc80P4ZZhDr0e/view?usp=drivesdk | K87: https://drive.google.com/file/d/1o8l53mbxnvg1Xqa7hJVonJ1I1TenFtqP/view?usp=drivesdk
A88: 185218 | B88: Энх-Анир | C88: D(8-Р АНГИ) II-I | D88: 0 | E88: 0 | F88: 0 | G88: 0 | H88: 0 | I88: https://drive.google.com/file/d/1opCibKlUFUgYI3esCBAqV0F68e0spvzR/view?usp=drivesdk | J88: https://drive.google.com/file/d/1SLZZC0O1FC2VC4l_jliSwlZHVRRDPD4Q/view?usp=drivesdk | K88: https://drive.google.com/file/d/1TmVOA_j1PSPVyV3MaYoKXdTGsyMTmeZh/view?usp=drivesdk | L88: https://drive.google.com/file/d/1HvGsdPCRh43rkIoU6XvnrJqpLlbMa5WO/view?usp=drivesdk
A89: 115715 | B89: Буянтогтох | C89: D(8-Р АНГИ) II-I | D89: 0 | E89: 0 | F89: 0 | G89: 0 | H89: 0 | I89: https://drive.google.com/file/d/1jx91Z3YuTFueSQP3ViDel2-JFhXS0DMz/view?usp=drivesdk | J89: https://drive.google.com/file/d/1rIBrpjpOd-x_28U2bYs3tl7fpz0rUoi3/view?usp=drivesdk | K89: https://drive.google.com/file/d/19EeZB3B8xB5dI8Dy--outYg0lvIdU6jX/view?usp=drivesdk | L89: https://drive.google.com/file/d/1JJdc70FPdya4ZXGj8nVaE8N_Giw8OqcS/view?usp=drivesdk | M89: https://drive.google.com/file/d/1SB4TaV0pFOdECOHwcOGG48nFhlnZ98FJ/view?usp=drivesdk | N89: https://drive.google.com/file/d/148-bumVwi9kfv8q8jh8Ur1UJuuz7K97O/view?usp=drivesdk
A90: 88984 | B90: Ганзаяа | C90: D(8-Р АНГИ) II-I | D90: 0 | E90: 0 | F90: 0 | G90: 0 | H90: 0 | I90: https://drive.google.com/file/d/1912yTEs4WNOqgm-IY-2O320XxULwO-Wn/view?usp=drivesdk | J90: https://drive.google.com/file/d/1gFyU3t0kANHfFUv-ubK8_eGj5kfHu48K/view?usp=drivesdk | K90: https://drive.google.com/file/d/1QuyJ0_6EnqrJL0jkLdPxTBSZYTuD9P9F/view?usp=drivesdk | L90: https://drive.google.com/file/d/1UTvXU9n4Y-yGp4BwuP4_RFfwFyaOxx8C/view?usp=drivesdk
A91: 139605 | B91: Аззаяа | C91: D(8-Р АНГИ) II-I | D91: 0 | E91: 0 | F91: 0 | G91: 0 | H91: 0 | I91: https://drive.google.com/file/d/1vMqhOd8aoFBUhTNWcrkfUNXjD9FH1Rwl/view?usp=drivesdk | J91: https://drive.google.com/file/d/1IBusWQC_8p80lMH0uD-_JKJbNZeMPaP5/view?usp=drivesdk | K91: https://drive.google.com/file/d/1LucdyhZDlmU057dGs8zPVZ851fuQrqb0/view?usp=drivesdk | L91: https://drive.google.com/file/d/10pRlpfa8hOWXA5ACavL0A-0kZSdJKrfb/view?usp=drivesdk
A92: 187822 | B92: Намуунзаяа | C92: D(8-Р АНГИ) II-I | D92: 0 | E92: 0 | F92: 0 | G92: 0 | H92: 0
A93: 187899 | B93: Аминзаяа | C93: D(8-Р АНГИ) II-I | D93: 0 | E93: 0 | F93: 0 | G93: 0 | H93: 0 | I93: https://drive.google.com/file/d/1hkxdseUuEYzuchtZ3pBM6SieJYtBIIAW/view?usp=drivesdk | J93: https://drive.google.com/file/d/1enVL_fXpGkwV9Q4AM4ZwwSj9Rq_bohCN/view?usp=drivesdk | K93: https://drive.google.com/file/d/1_hZiCUs9HkmWhF8TTbWJCx20jSBvkpIS/view?usp=drivesdk | L93: https://drive.google.com/file/d/1S3HTa5rAvzv4k76wNOS_O7vVZAGg1Nw0/view?usp=drivesdk
A94: 87043 | B94: Нурбулан | C94: D(8-Р АНГИ) II-I | D94: 0 | E94: 0 | F94: 0 | G94: 0 | H94: 0 | I94: https://drive.google.com/file/d/1pEbOQOGDcusC9kF4PxHzEQwiUxRTblEN/view?usp=drivesdk | J94: https://drive.google.com/file/d/1D9d-jTyLSaiedNVwjQ3VsaYoOzWGMkdU/view?usp=drivesdk | K94: https://drive.google.com/file/d/1SqajHUl_C2yqUpS6H6cBkZWI-UsZeogk/view?usp=drivesdk | L94: https://drive.google.com/file/d/1wAsHy89GBMmbNbE5HgcFp_oX1claEodo/view?usp=drivesdk
A95: 195772 | B95: Ариунзаяа | C95: D(8-Р АНГИ) II-I | D95: 0 | E95: 0 | F95: 0 | G95: 0 | H95: 0 | I95: https://drive.google.com/file/d/1d9-bMCqTAjgvpJe4Y2CQ5V0COb4C8tI1/view?usp=drivesdk | J95: https://drive.google.com/file/d/1ftURJbUhqAD0r5xi_JP-0WKvtm1HdaOI/view?usp=drivesdk | K95: https://drive.google.com/file/d/1tYfXVq7d0BAgmcw58IG5w4nGcdCwnFdW/view?usp=drivesdk
A96: 86893 | B96: Лхагвадорж | C96: D(8-Р АНГИ) II-I | D96: 0 | E96: 0 | F96: 0 | G96: 0 | H96: 0 | I96: https://drive.google.com/file/d/1_lA6C0F60gdT6qUaxaQyTCtpkXss1gOp/view?usp=drivesdk | J96: https://drive.google.com/file/d/16hA1xMSor7-LfGzVSEtq0xxRa0JHYD8C/view?usp=drivesdk | K96: https://drive.google.com/file/d/1cVHEcq6_hU2eUYpCeL8KoojCtU7w35HK/view?usp=drivesdk | L96: https://drive.google.com/file/d/1ao3dMKyoOErzJ9BZ5aFg_KLSoDlyRQxo/view?usp=drivesdk | M96: https://drive.google.com/file/d/126olD4ONekjjp6M2HrqY9EKZDd58T2Iz/view?usp=drivesdk
A97: 92537 | B97: Мөнх-Амар | C97: D(8-Р АНГИ) II-I | D97: 0 | E97: 0 | F97: 0 | G97: 0 | H97: 0 | I97: https://drive.google.com/file/d/1xIetJMVSs2bpd3Sg_Othsn1Q-nmoE411/view?usp=drivesdk | J97: https://drive.google.com/file/d/1k9Kd6nv5_KLewFw5ViOUdRYAGJZmjlKj/view?usp=drivesdk | K97: https://drive.google.com/file/d/1JRqLNP_x28niIJyVxt6ZgW9xl77lTJI8/view?usp=drivesdk | L97: https://drive.google.com/file/d/1dPBdi5KID3n2lUcqGqwfHbuvCBHuqJOH/view?usp=drivesdk
A98: 185225 | B98: Алтанхуяг | C98: D(8-Р АНГИ) II-I | D98: 0 | E98: 0 | F98: 0 | G98: 0 | H98: 0 | I98: https://drive.google.com/file/d/1SVrMhJaR2kn7u4nGLVlq9jdMulXlSQSs/view?usp=drivesdk | J98: https://drive.google.com/file/d/1ouZDrKd6S6P5UNcL3VJoJkZXXRo2d8fP/view?usp=drivesdk | K98: https://drive.google.com/file/d/1OcHt-13eHnjCMOntiDGzkGWjEQAZQYfy/view?usp=drivesdk
A99: 109008 | B99: Одмаа | C99: D(8-Р АНГИ) II-I | D99: 0 | E99: 0 | F99: 0 | G99: 0 | H99: 0 | I99: https://drive.google.com/file/d/1t0my085jQNqdAzHtZlMyQQjL-mXGF83J/view?usp=drivesdk | J99: https://drive.google.com/file/d/1lQFteNfFByrHhpo5JO2oQe6XFfmn-v65/view?usp=drivesdk | K99: https://drive.google.com/file/d/1s5p0BweN70mQNAthv0-v9rl_PgUbjHbz/view?usp=drivesdk | L99: https://drive.google.com/file/d/1H2YHLXq7z15CXx6VjhzOU9dwdI_BnXEW/view?usp=drivesdk
A100: 110924 | B100: Сувд-Эрдэнэ | C100: D(8-Р АНГИ) II-I | D100: 0 | E100: 0 | F100: 0 | G100: 0 | H100: 0 | I100: https://drive.google.com/file/d/1M-siiZpRydUdcrGDmvPHN2_vLA87a1cj/view?usp=drivesdk | J100: https://drive.google.com/file/d/1AzEaN_1wetrg7BarDIW_ep_Q9TYVk5x9/view?usp=drivesdk
...

Sheet Day1
A1: 1234 | B1: TEST | C1: E(10-Р АНГИ) II-I | D1: 1 | E1: 0 | F1: 0 | G1: 0 | H1: 5
A2: 186864 | B2: Хишигжаргал | C2: E(10-Р АНГИ) II-I | D2: 0 | E2: 2 | F2: 0 | G2: 0 | H2: 0 | I2: https://drive.google.com/file/d/1iLTmKIm0TEPhpjFzVJKYMx0w89XdaFs_/view?usp=drivesdk | J2: https://drive.google.com/file/d/17HQCUFl6640pyjyICZnvVRwX0pD7WmVu/view?usp=drivesdk | K2: https://drive.google.com/file/d/1hmqUBNDOVV9wHRgZDXbGKalz-08D9QnO/view?usp=drivesdk
A3: 108195 | B3: Тэлмүүн | C3: E(10-Р АНГИ) II-I | D3: 1 | E3: 0 | F3: 0 | G3: 0 | H3: 0 | I3: https://drive.google.com/file/d/1GD-ExkBSVHOn3kDXROZ90Y8KInq06Wyf/view?usp=drivesdk
A4: 81407 | B4: Төгсжаргал | C4: E(10-Р АНГИ) II-I | D4: 7 | E4: 7 | F4: 0 | G4: 0 | H4: 0 | I4: https://drive.google.com/file/d/1YBXhJcHL37RYZuuYAtVnLqyu7x9ozdeb/view?usp=drivesdk | J4: https://drive.google.com/file/d/1NpGga28vXRgej5mcPcuM-HslI0oY3hZg/view?usp=drivesdk | K4: https://drive.google.com/file/d/1X4l8wypMi8SMS3eqVcZw6_ZwF4iWcIsZ/view?usp=drivesdk | L4: https://drive.google.com/file/d/16_uNq-DG4uJmXuwrWk4UdS3qkAroAcmf/view?usp=drivesdk | M4: https://drive.google.com/file/d/1gwBupHnra2xpsQZGwu_3TT1Mjw0tApt6/view?usp=drivesdk | N4: https://drive.google.com/file/d/16YeAp1hToyDXNh6pEhxsPMoo2sjzS8UV/view?usp=drivesdk | O4: https://drive.google.com/file/d/14hgziGdYOlSH27WYQJ3q9JyHfrtw2zoE/view?usp=drivesdk | P4: https://drive.google.com/file/d/1X19dr38FC_ODc_324j_30zWKLKbY-NGb/view?usp=drivesdk
A5: 51485 | B5: Тэнүүннаран | C5: E(10-Р АНГИ) II-I | D5: 4 | E5: 0 | F5: 0 | G5: 0 | H5: 0 | I5: https://drive.google.com/file/d/1zDwFNmoVqeYVuZ7vhR0xUd-zIUG9ai_f/view?usp=drivesdk | J5: https://drive.google.com/file/d/1yoMPc0PZDIFGc_pqrZIm3X6iw-8fprh_/view?usp=drivesdk | K5: https://drive.google.com/file/d/1O8p7MSRI_dMyHzj4MuOI7Kul6wm_Vtri/view?usp=drivesdk | L5: https://drive.google.com/file/d/16b95llLASzz-3hbjxGP6UQp9_v5v03On/view?usp=drivesdk
A6: 187836 | B6: Нуршаш | C6: E(10-Р АНГИ) II-I | D6: 1 | E6: 3 | F6: 0 | G6: 0 | H6: 0 | I6: https://drive.google.com/file/d/1r1pmPu9A933OyUIGzju3P-iLmfM-DtIR/view?usp=drivesdk | J6: https://drive.google.com/file/d/1thSgiU28g9r9iMzX1MUMzUsPQ_J2pStK/view?usp=drivesdk | K6: https://drive.google.com/file/d/1QIBUHpMWGtqaB4VaKvStMLwVOqeGwjl8/view?usp=drivesdk | L6: https://drive.google.com/file/d/1R-E9QhXMBNv3H6ly4G6DWxgVUycT_7j0/view?usp=drivesdk | M6: https://drive.google.com/file/d/1JpKyEKhl4LeTOKKxS05UCz625b3bv_73/view?usp=drivesdk
A7: 72371 | B7: Азбаяр | C7: E(10-Р АНГИ) II-I | D7: 7 | E7: 4 | F7: 0 | G7: 0 | H7: 0 | I7: https://drive.google.com/file/d/11uPMjaPH9vQ5WpJOaQT5mU8Ve7m3QqX3/view?usp=drivesdk | J7: https://drive.google.com/file/d/1PMgt1BBuiFPwTcqv8yjbQvzO6jcZVRWS/view?usp=drivesdk | K7: https://drive.google.com/file/d/1-vuj5XKWKJ-2AjLCAnhqJI2q27G9Dodh/view?usp=drivesdk | L7: https://drive.google.com/file/d/1F8kb6rL7mzjFtegUYOnSi499xpz4m0Wa/view?usp=drivesdk | M7: https://drive.google.com/file/d/1tnQrciC-DO0o5iXGo6EEbJN6RG1h6EGe/view?usp=drivesdk
A8: 50160 | B8: Цэлмүүн | C8: E(10-Р АНГИ) II-I | D8: 7 | E8: 0 | F8: 0 | G8: 0 | H8: 0 | I8: https://drive.google.com/file/d/1dzWpuLazN92IMN3GxuGJSy8GMW-hVgtY/view?usp=drivesdk | J8: https://drive.google.com/file/d/1PRb7KJ9CVPGY5Q6sZyn6TLUe2MUH9KJt/view?usp=drivesdk | K8: https://drive.google.com/file/d/1mALvpQPfgYPCIcHoDlIiZpMQgyJ8kocX/view?usp=drivesdk | L8: https://drive.google.com/file/d/1cHA-_z1qkJvbNXkTaCW5nfCJHGLI7wiy/view?usp=drivesdk
A9: 110925 | B9: Саруул | C9: E(10-Р АНГИ) II-I | D9: 7 | E9: 4 | F9: 0 | G9: 0 | H9: 0 | I9: https://drive.google.com/file/d/1mfUyZGKa4cyV-LKbwZb-It6TKnKdbh6c/view?usp=drivesdk | J9: https://drive.google.com/file/d/14vlFZjFTQM0lKCLliXvkRupTENwO40vJ/view?usp=drivesdk | K9: https://drive.google.com/file/d/1S7DmyQh6efE9YneoZ8ohDfX6HufAlO2a/view?usp=drivesdk | L9: https://drive.google.com/file/d/1MYyW_OMpFwnFbI2L8PJkI0OF02-IR3BL/view?usp=drivesdk
A10: 81414 | B10: Батсүлд | C10: E(10-Р АНГИ) II-I | D10: 7 | E10: 2 | F10: 0 | G10: 0 | H10: 0 | I10: https://drive.google.com/file/d/1v7a7Tu_fMDK4suiJ3eg8l6usSmqqPhyY/view?usp=drivesdk
A11: 187841 | B11: Маралаа | C11: E(10-Р АНГИ) II-I | D11: 1 | E11: 4 | F11: 0 | G11: 0 | H11: 0 | I11: https://drive.google.com/file/d/1rM2aI0ycx2nTmNiPB2iQ9kc6BeX__Tm4/view?usp=drivesdk | J11: https://drive.google.com/file/d/1gM77oAHcfA1lCxNvZ_vTLRr0Q_-WB0b8/view?usp=drivesdk | K11: https://drive.google.com/file/d/1acfiQudsbplUorea62TT9SqNbm2AuCYt/view?usp=drivesdk
A12: 206976 | B12: Энхмэнд | C12: E(10-Р АНГИ) II-I | D12: 7 | E12: 2 | F12: 0 | G12: 0 | H12: 0 | I12: https://drive.google.com/file/d/1YOtsmgqUR1DzV1YbMPnWrxTg80IlNPQ5/view?usp=drivesdk
A13: 212268 | B13: Цэнгүүжин | C13: E(10-Р АНГИ) II-I | D13: 7 | E13: 0 | F13: 0 | G13: 0 | H13: 0 | I13: https://drive.google.com/file/d/1-ObO1QsttJf-ReyOXKMo6o2fC1xRGKyO/view?usp=drivesdk | J13: https://drive.google.com/file/d/1ACGJyr54eOYBpEDyOZpAEoLUHfWsI5cG/view?usp=drivesdk | K13: https://drive.google.com/file/d/1YhEDdTaKA9TK342HaQC3xVFpPklrnfJ1/view?usp=drivesdk | L13: https://drive.google.com/file/d/1g_9O0ULJYqI8RzxebnCGqHrPKsXE3Mn9/view?usp=drivesdk
A14: 181339 | B14: Цэлмүүннаран | C14: E(10-Р АНГИ) II-I | D14: 0 | E14: 0 | F14: 0 | G14: 0 | H14: 0 | I14: https://drive.google.com/file/d/1AWVXOwdx6nJg1Nfh1KVQN1bUX9B49utR/view?usp=drivesdk | J14: https://drive.google.com/file/d/1BBZR49jFns7QeaQvwZN2j2YeiQAmivX5/view?usp=drivesdk | K14: https://drive.google.com/file/d/1XOgTtaCzGLCDaro1yqLymfv76uAMW-PG/view?usp=drivesdk | L14: https://drive.google.com/file/d/1d7b0yuBeJq3SIyKbOX-b-EYMqKdma1oh/view?usp=drivesdk
A15: 52574 | B15: Цэцэн | C15: E(10-Р АНГИ) II-I | D15: 7 | E15: 2 | F15: 0 | G15: 0 | H15: 0 | I15: https://drive.google.com/file/d/16sdHVtmZFu4QS4GjRFOdKqBVj9sv6OX3/view?usp=drivesdk
A16: 81422 | B16: Мөнгөншагай | C16: E(10-Р АНГИ) II-I | D16: 7 | E16: 4 | F16: 0 | G16: 0 | H16: 0 | I16: https://drive.google.com/file/d/1AWUuH2nrIhH8xP-VRYwQInHuEeau85T_/view?usp=drivesdk | J16: https://drive.google.com/file/d/15hf_cj-tfJ401chUlXnBEy0s3EcyXmOx/view?usp=drivesdk | K16: https://drive.google.com/file/d/1RbwubB2jLi0jrt0URcMcPdVgvmDpGgN4/view?usp=drivesdk
A17: 136996 | B17: Нандин-Эрдэнэ | C17: E(10-Р АНГИ) II-I | D17: 7 | E17: 0 | F17: 0 | G17: 0 | H17: 0 | I17: https://drive.google.com/file/d/1u7B4UDvOPvlPdE0nbRzjyIL_V54Gxecd/view?usp=drivesdk | J17: https://drive.google.com/file/d/1hIw2n5g3NaG2KTyeBCVdFjJDq98KXz81/view?usp=drivesdk | K17: https://drive.google.com/file/d/14n7_INwQBwcqrvq0GJTz_DUimIGn8Adh/view?usp=drivesdk
A18: 119572 | B18: Зулаа | C18: E(10-Р АНГИ) II-I | D18: 7 | E18: 2 | F18: 0 | G18: 0 | H18: 0 | I18: https://drive.google.com/file/d/10Is3pvQsPQD0EDccLT5e0RQxSd7EAfmL/view?usp=drivesdk | J18: https://drive.google.com/file/d/1zqsF_WdBrMcxx-QsImnbP7oybgXyn67I/view?usp=drivesdk | K18: https://drive.google.com/file/d/1nQb1LOXVBrwHf0PrjSp1WhydKq_SA5i9/view?usp=drivesdk
A19: 111815 | B19: Түвшинтөгс | C19: E(10-Р АНГИ) II-I | D19: 7 | E19: 2 | F19: 0 | G19: 0 | H19: 0 | I19: https://drive.google.com/file/d/1Q0WfxtbOrAjELH5NbiiZBIiJbROTV0nS/view?usp=drivesdk
A20: 127024 | B20: Дашцэрэн | C20: E(10-Р АНГИ) II-I | D20: 7 | E20: 0 | F20: 0 | G20: 0 | H20: 0 | I20: https://drive.google.com/file/d/1vcG7WGv-GXVczciW9gPOxusgRwSij7CD/view?usp=drivesdk
A21: 81436 | B21: Тэмүүжин | C21: E(10-Р АНГИ) II-I | D21: 7 | E21: 3 | F21: 0 | G21: 0 | H21: 0 | I21: https://drive.google.com/file/d/1AZidsCeiZPYD4PDH8gbw2mytLGXfZR8p/view?usp=drivesdk
A22: 155666 | B22: Келбахыт | C22: E(10-Р АНГИ) II-I | D22: 0 | E22: 0 | F22: 0 | G22: 0 | H22: 0 | I22: https://drive.google.com/file/d/1szWvH7zOvAeBrdNrcH3SROsFbXNatu9B/view?usp=drivesdk | J22: https://drive.google.com/file/d/1qwh4ymwm0sS_2nZXoTk7SXVyJU8BFucX/view?usp=drivesdk
A23: 118935 | B23: Цэрэндонров | C23: E(10-Р АНГИ) II-I | D23: 0 | E23: 2 | F23: 0 | G23: 0 | H23: 0 | I23: https://drive.google.com/file/d/1de-kcd0PKtoDNwkRk64MJFUWshjmfGPI/view?usp=drivesdk | J23: https://drive.google.com/file/d/1bXZ3phf28dOusGd1QeZtJlYtFH-ElNhd/view?usp=drivesdk | K23: https://drive.google.com/file/d/11dZCxPwT_F3_r-Fl2Xz9f_37ejgjpIAq/view?usp=drivesdk | L23: https://drive.google.com/file/d/14XS7vjxQQIvRU2EoTJ29GrKwwZGoTpTf/view?usp=drivesdk
A24: 186921 | B24: Номин | C24: E(10-Р АНГИ) II-I | D24: 0 | E24: 2 | F24: 0 | G24: 0 | H24: 0 | I24: https://drive.google.com/file/d/1mCahJ5rKmQrqTzkt-KFcmCKZwUxWu9hZ/view?usp=drivesdk | J24: https://drive.google.com/file/d/1rTsyHp9V8yPXe-Pt4sg-5zEMzaruShuK/view?usp=drivesdk
A25: 118299 | B25: Адьшаа | C25: E(10-Р АНГИ) II-I | D25: 7 | E25: 4 | F25: 0 | G25: 0 | H25: 0 | I25: https://drive.google.com/file/d/1VI9xz-_GjKsTeWiO7FrhdJkKbqP7tGrz/view?usp=drivesdk | J25: https://drive.google.com/file/d/1IlhRHfhzS9JedEKAZhUVY6AHdqFic6N4/view?usp=drivesdk | K25: https://drive.google.com/file/d/1iynwVSYo9hYwfOHK8JsTw5tlc5E2yTUN/view?usp=drivesdk
A26: 118641 | B26: Маргад | C26: E(10-Р АНГИ) II-I | D26: 7 | E26: 4 | F26: 0 | G26: 0 | H26: 0 | I26: https://drive.google.com/file/d/1V2vRYuiDvcOrUlmUz1x9FWCTDYPBjUT1/view?usp=drivesdk | J26: https://drive.google.com/file/d/102MYKNIZtcUq8m3RLgCEHZWBHOXdTBqp/view?usp=drivesdk | K26: https://drive.google.com/file/d/1fLjv7fKNGz3i59qm2z1RyCVFgFbufz05/view?usp=drivesdk
A27: 96536 | B27: Ариунжаргал | C27: E(10-Р АНГИ) II-I | D27: 0 | E27: 2 | F27: 0 | G27: 0 | H27: 0 | I27: https://drive.google.com/file/d/1mWuE5v0f5rrI3ZtfEQ6q41iu1HKT-i3n/view?usp=drivesdk | J27: https://drive.google.com/file/d/18kBvzw3TXTny3iMqWm6PryUsraL42cyZ/view?usp=drivesdk
A28: 115673 | B28: Энхтогтох | C28: E(10-Р АНГИ) II-I | D28: 4 | E28: 0 | F28: 0 | G28: 0 | H28: 0 | I28: https://drive.google.com/file/d/1GNAWYq2nYQe4jPK3_XoYILcfz-N-CWT1/view?usp=drivesdk | J28: https://drive.google.com/file/d/16VOCSAx5ChhapOUHxMMI7_hbxm0CdfXm/view?usp=drivesdk | K28: https://drive.google.com/file/d/1VxNaxtT3ODxJESwpwZbiFNDzYayhq_2G/view?usp=drivesdk
A29: 175146 | B29: Мөрөн | C29: E(10-Р АНГИ) II-I | D29: 0 | E29: 0 | F29: 0 | G29: 0 | H29: 0 | I29: https://drive.google.com/file/d/1_v2uCZRaO5-HTqg18cwMIKV4GbM3KSCq/view?usp=drivesdk
A30: 118196 | B30: Лхагважаргал | C30: E(10-Р АНГИ) II-I | D30: 7 | E30: 2 | F30: 0 | G30: 0 | H30: 0 | I30: https://drive.google.com/file/d/1cYlkR-gIRRO_fpKcmqVTu4jFQ0p7NDsw/view?usp=drivesdk | J30: https://drive.google.com/file/d/1Jyi-ATCJNIhFjqgvcfxDAGPO1Us2FBgs/view?usp=drivesdk | K30: https://drive.google.com/file/d/1lr0Jku5Qv5rCNp1ZeiJHf3I8j4ef1OXh/view?usp=drivesdk
A31: 155702 | B31: Фарида | C31: E(10-Р АНГИ) II-I | D31: 1 | E31: 0 | F31: 0 | G31: 0 | H31: 0 | I31: https://drive.google.com/file/d/1F15CvBrYZ9lPGMo469qojv-1G1377lbh/view?usp=drivesdk | J31: https://drive.google.com/file/d/1sP1LdRmFoY1YAMyNZrxzZIEL_edGRtJD/view?usp=drivesdk
A32: 181570 | B32: Амармэнд | C32: E(10-Р АНГИ) II-I | D32: 1 | E32: 2 | F32: 0 | G32: 0 | H32: 0 | I32: https://drive.google.com/file/d/1GzsnhCjpPdKsIACKOa7NzjOzwuSqQYiR/view?usp=drivesdk | J32: https://drive.google.com/file/d/1lu3raFL5xF5uJNYV8Iwa__d54DmHhS31/view?usp=drivesdk | K32: https://drive.google.com/file/d/172xVS9xsd4c7klI-cd8-vg2frysoXRWb/view?usp=drivesdk
A33: 196624 | B33: Тогтохжаргал | C33: E(10-Р АНГИ) II-I | D33: 0 | E33: 0 | F33: 0 | G33: 0 | H33: 0 | I33: https://drive.google.com/file/d/105JwGv7S-DBo9mwbQ7vmHBAeQZr87Yfh/view?usp=drivesdk
A34: 73757 | B34: Тэргэл | C34: E(10-Р АНГИ) II-I | D34: 7 | E34: 3 | F34: 0 | G34: 0 | H34: 0 | I34: https://drive.google.com/file/d/1BhvpjWR2OkhgLN5H5WX8duZudO_wdcI8/view?usp=drivesdk | J34: https://drive.google.com/file/d/1ugMh6HO3h1m9tdcdHUWSAzB-de1fScQX/view?usp=drivesdk | K34: https://drive.google.com/file/d/1q8m0_99C1ITMS43HthBPzPktSx-oJ3zl/view?usp=drivesdk | L34: https://drive.google.com/file/d/195gD17bxdlOHzCf5Dd9_ev3m4DtuO_D6/view?usp=drivesdk | M34: https://drive.google.com/file/d/1TCOtK8CzvZMnE1FDL211ldDIrjFIimLq/view?usp=drivesdk | N34: https://drive.google.com/file/d/1K8-QQM4-YOC2F4egx1QxzxtT4AuY3HaA/view?usp=drivesdk
A35: 183220 | B35: Мөнх-Оргил | C35: E(10-Р АНГИ) II-I | D35: 7 | E35: 2 | F35: 0 | G35: 0 | H35: 0 | I35: https://drive.google.com/file/d/1BeoLs1dKWiWxr06V8SFX_-U1eBzrSRTT/view?usp=drivesdk
A36: 204719 | B36: Ариунзаяа | C36: E(10-Р АНГИ) II-I | D36: 0 | E36: 0 | F36: 0 | G36: 0 | H36: 0 | I36: https://drive.google.com/file/d/1jqZNTnVohdB5KF-wOZOpTq2ZDvc5I0gq/view?usp=drivesdk | J36: https://drive.google.com/file/d/1kCHefsbbdal6fvpIX9wTZAm37IicNKy0/view?usp=drivesdk | K36: https://drive.google.com/file/d/1fLFnFLPS2kA2Asn8ZggpeGT6RQWJtiqO/view?usp=drivesdk
A37: 119856 | B37: Жавхлант | C37: E(10-Р АНГИ) II-I | D37: 0 | E37: 0 | F37: 0 | G37: 0 | H37: 0 | I37: https://drive.google.com/file/d/1sRwW4xq2bwA5Jwek4RUgE8fotwdbQd2n/view?usp=drivesdk
A38: 109300 | B38: Батмөнх | C38: E(10-Р АНГИ) II-I | D38: 7 | E38: 2 | F38: 0 | G38: 0 | H38: 0 | I38: https://drive.google.com/file/d/1VnV9Hy37Kg9y8H78BXm5dLJ_nCZIKsg7/view?usp=drivesdk | J38: https://drive.google.com/file/d/1SkFoaWpdn-XGarY99JoSGHc2Lwd0FNoG/view?usp=drivesdk | K38: https://drive.google.com/file/d/15XTE9GY-85DlPTF4iFSKR7G9GY7kUkFi/view?usp=drivesdk
A39: 174358 | B39: Анужаргал | C39: E(10-Р АНГИ) II-I | D39: 0 | E39: 0 | F39: 0 | G39: 0 | H39: 0 | I39: https://drive.google.com/file/d/17J2sdQ3qzXPnlxOnW73e7FjyEnttOwmi/view?usp=drivesdk
A40: 119874 | B40: Чингүүн | C40: E(10-Р АНГИ) II-I | D40: 7 | E40: 3 | F40: 0 | G40: 0 | H40: 0 | I40: https://drive.google.com/file/d/1ic6rOMdzxjoF1guhgQXVd20wI8BlJsZZ/view?usp=drivesdk | J40: https://drive.google.com/file/d/19ZK_QC1m3Qk4Y2JL1Ij3VkXllFAGzRmc/view?usp=drivesdk
A41: 127016 | B41: Баянбуян | C41: E(10-Р АНГИ) II-I | D41: 0 | E41: 0 | F41: 0 | G41: 0 | H41: 0 | I41: https://drive.google.com/file/d/1piss3b12krBE3VI7CZcL_iswRMKt4eDR/view?usp=drivesdk | J41: https://drive.google.com/file/d/1o4oVBd377-zC5LmYTB8vfZbQ1NI6C1Be/view?usp=drivesdk
A42: 109467 | B42: Санчирболд | C42: E(10-Р АНГИ) II-I | D42: 4 | E42: 0 | F42: 0 | G42: 0 | H42: 0 | I42: https://drive.google.com/file/d/1x2XlpHT5RIFtcfAVRvvZ2h9TcAXxHX6f/view?usp=drivesdk
A43: 181340 | B43: Мөнгөнтуул | C43: E(10-Р АНГИ) II-I | D43: 0 | E43: 0 | F43: 0 | G43: 0 | H43: 0 | I43: https://drive.google.com/file/d/1YBOo-Vh9URMMclkKW3WZVQ5UELCoKIT2/view?usp=drivesdk | J43: https://drive.google.com/file/d/1N1IoiGb2rhjqzlJVWbtJ8c1fh7Kcmn7C/view?usp=drivesdk
A44: 1234 | B44: TEST | C44: E(10-Р АНГИ) II-I | D44: 1 | E44: 1 | F44: 2 | G44: 0 | H44: 0 | I44: https://drive.google.com/file/d/1Av_ES4nHmhLxQIskLqhL-nMqnzSyYjg0/view?usp=drivesdk
A45: 72425 | B45: Алтан-Од | C45: E(9-Р АНГИ) II-I | D45: 7 | E45: 2 | F45: 0 | G45: 0 | H45: 0 | I45: https://drive.google.com/file/d/1FIH0ip7iJ7KfJ-nxV6XwrN3OXXD82_Um/view?usp=drivesdk | J45: https://drive.google.com/file/d/1k23wY1n8g6pCr-JlGbaKvZFNe2oc6fy0/view?usp=drivesdk | K45: https://drive.google.com/file/d/1144AAGIe9UOZppsib5hYyUgmKyRp_tXp/view?usp=drivesdk
A46: 110029 | B46: Санчир | C46: E(9-Р АНГИ) II-I | D46: 0 | E46: 2 | F46: 0 | G46: 0 | H46: 0 | I46: https://drive.google.com/file/d/1FUCGtj3IX-Ja2FKwTX0NkfB62RZ5bwZ1/view?usp=drivesdk | J46: https://drive.google.com/file/d/1esKuCCi9bGhx7AQnLmJ8uARK5ezCJsUO/view?usp=drivesdk | K46: https://drive.google.com/file/d/12UGZx1R1_iTiyFN2kFwzj5R7xB5xa9XP/view?usp=drivesdk
A47: 187396 | B47: Төгрөгнаран | C47: E(9-Р АНГИ) II-I | D47: 0 | E47: 0 | F47: 0 | G47: 0 | H47: 0 | I47: https://drive.google.com/file/d/1vrTVkjH_90rdkWu5osSfC6J32_XWldV3/view?usp=drivesdk | J47: https://drive.google.com/file/d/1pqYFZemcwNipMOSetTs8uKnZL6z-_fdM/view?usp=drivesdk | K47: https://drive.google.com/file/d/1gY33q0gAp0QyU0PsyJvvuSMwa_xNptg4/view?usp=drivesdk
A48: 118586 | B48: Мягмарнаран | C48: E(9-Р АНГИ) II-I | D48: 0 | E48: 0 | F48: 0 | G48: 0 | H48: 0 | I48: https://drive.google.com/file/d/1wgtC4m1fUCS-Sgoec3j6pjIMXQifW0yI/view?usp=drivesdk
A49: 118504 | B49: Баяржавхлан | C49: E(9-Р АНГИ) II-I | D49: 7 | E49: 4 | F49: 0 | G49: 0 | H49: 0 | I49: https://drive.google.com/file/d/11zvMySE39COqb9OUs-MrBKQv6-I42NzS/view?usp=drivesdk | J49: https://drive.google.com/file/d/1Bm0jijlE4mnB8HPqsSw6JWXipngL4iz2/view?usp=drivesdk | K49: https://drive.google.com/file/d/17dP4gps3IT3OQNj9S1YeJNrlRzWXbXgV/view?usp=drivesdk | L49: https://drive.google.com/file/d/1hZdrl2A9QSRi-z17wy3JXjdI9qGfaypz/view?usp=drivesdk
A50: 184434 | B50: Батмэнд | C50: E(9-Р АНГИ) II-I | D50: 0 | E50: 1 | F50: 0 | G50: 0 | H50: 0 | I50: https://drive.google.com/file/d/1t2NGWdZP_LFWPXj1gXu_f991gjgvQmoL/view?usp=drivesdk | J50: https://drive.google.com/file/d/1g2bxbzCM-zaiuHLa2acNZxbz5QOCSU_c/view?usp=drivesdk | K50: https://drive.google.com/file/d/1Ma82tj4N8-nCiyotxTPJYOzBh2SqXqQO/view?usp=drivesdk
A51: 119123 | B51: Сакен | C51: E(9-Р АНГИ) II-I | D51: 0 | E51: 0 | F51: 0 | G51: 0 | H51: 0 | I51: https://drive.google.com/file/d/12mpWP7HZRw41vA4eau1wzBtqvgm-p-f8/view?usp=drivesdk | J51: https://drive.google.com/file/d/1PmsgnD-gXRezi1R1Jc6sY-PuLOSmUVnl/view?usp=drivesdk | K51: https://drive.google.com/file/d/1RNZyWKryYWWULb5KQXoZdElLhiIEsV36/view?usp=drivesdk
A52: 122126 | B52: Амартүвшин | C52: E(9-Р АНГИ) II-I | D52: 0 | E52: 3 | F52: 0 | G52: 0 | H52: 0 | I52: https://drive.google.com/file/d/1CYpWv9w8zMqXP1ieTWykVKUWkDf5P0Rm/view?usp=drivesdk | J52: https://drive.google.com/file/d/1xZ9Unf2p5mFCbo19OZiS9eTEH15gzxpw/view?usp=drivesdk | K52: https://drive.google.com/file/d/1DBx9D5vrNw2a-Q3FIf_ejFUxTUJmExAv/view?usp=drivesdk
A53: 118508 | B53: Азжаргал | C53: E(9-Р АНГИ) II-I | D53: 0 | E53: 0 | F53: 0 | G53: 0 | H53: 0 | I53: https://drive.google.com/file/d/1ZKwCE1AuFmwaehDXNZmGWJ0xQu_LErbM/view?usp=drivesdk | J53: https://drive.google.com/file/d/1vEpE9PxFH5rdgBfNhE5s2MEekdlff_GQ/view?usp=drivesdk
A54: 111245 | B54: Тэргил | C54: E(9-Р АНГИ) II-I | D54: 0 | E54: 0 | F54: 0 | G54: 0 | H54: 0 | I54: https://drive.google.com/file/d/1vVeaYabzDVNqhSO4MTRbz8TwDMMw0nEw/view?usp=drivesdk | J54: https://drive.google.com/file/d/1FrKsRoX0QTNP_e1VMIG_pZuRiQShfg-E/view?usp=drivesdk | K54: https://drive.google.com/file/d/1hZW3Ng05FdrODQ7Rsts5GaQBi-ZYb2rg/view?usp=drivesdk | L54: https://drive.google.com/file/d/18h9a7Ji-y3Hmp_LpUyZa85omfscg3Vpo/view?usp=drivesdk
A55: 111565 | B55: Алтынбек | C55: E(9-Р АНГИ) II-I | D55: 3 | E55: 2 | F55: 0 | G55: 0 | H55: 0 | I55: https://drive.google.com/file/d/1gW8hPWB6dGpDNLHFLLoNdSJ3J65vBPZ3/view?usp=drivesdk | J55: https://drive.google.com/file/d/1uIGluIXNJ4aMhyH7nO1c3p5ogcNcZlOH/view?usp=drivesdk
A56: 114590 | B56: Мягмарпагдан | C56: E(9-Р АНГИ) II-I | D56: 7 | E56: 0 | F56: 0 | G56: 0 | H56: 0 | I56: https://drive.google.com/file/d/1xOyYciyIe85ZAe__kHLyIQ3uPoodvxxZ/view?usp=drivesdk | J56: https://drive.google.com/file/d/1AeM4Tgdm68PDKQ90UuzBYZspHrnybHzo/view?usp=drivesdk | K56: https://drive.google.com/file/d/1nruXBJvV64k9a_N0BaKLLGT3rAWb99uT/view?usp=drivesdk
A57: 115662 | B57: Соёмбо | C57: E(9-Р АНГИ) II-I | D57: 0 | E57: 0 | F57: 0 | G57: 0 | H57: 0 | I57: https://drive.google.com/file/d/1zxvdIciOOV0DLz1wcbysHtL_gD62GAyR/view?usp=drivesdk | J57: https://drive.google.com/file/d/1sQJIPr7u0KWdiUOndcpWlp-pRMQ5dmP4/view?usp=drivesdk | K57: https://drive.google.com/file/d/1gpHHF98stn_ovmfQAN9reGjc05bhkHiY/view?usp=drivesdk
A58: 109385 | B58: Батбаяр | C58: E(9-Р АНГИ) II-I | D58: 0 | E58: 0 | F58: 0 | G58: 0 | H58: 0 | I58: https://drive.google.com/file/d/1_nu7uS2uS0-q9ErDLKHb6xAv4G00OY-q/view?usp=drivesdk
A59: 58142 | B59: Анхбаяр | C59: E(9-Р АНГИ) II-I | D59: 7 | E59: 2 | F59: 0 | G59: 0 | H59: 0 | I59: https://drive.google.com/file/d/1kDjkA9ZpS6_Y52GLT-5XYU0NAm8rgiMw/view?usp=drivesdk
A60: 109357 | B60: Мягмарсүрэн | C60: E(9-Р АНГИ) II-I | D60: 4 | E60: 0 | F60: 0 | G60: 0 | H60: 0 | I60: https://drive.google.com/file/d/1t-2FOv8ohtFRp1iByWvuuRJ9wQlGSCwp/view?usp=drivesdk
A61: 60958 | B61: Бямба-Очир | C61: E(9-Р АНГИ) II-I | D61: 7 | E61: 2 | F61: 0 | G61: 0 | H61: 0 | I61: https://drive.google.com/file/d/1-3WOhxnbmlobiTGWpV7s14WIuWoAcjkX/view?usp=drivesdk | J61: https://drive.google.com/file/d/17AX_T6QdXJPB61XxE_lFI5CoP5NHY_bG/view?usp=drivesdk | K61: https://drive.google.com/file/d/1vVScfEB4FrCBpcZCJBhMn7pY2RukralT/view?usp=drivesdk
A62: 117121 | B62: Баттогтох | C62: E(9-Р АНГИ) II-I | D62: 0 | E62: 3 | F62: 0 | G62: 0 | H62: 0 | I62: https://drive.google.com/file/d/1UyK3EEBY43jN4dtzr4eodKBppJx9JdTp/view?usp=drivesdk | J62: https://drive.google.com/file/d/1-uX9qf8Y7JhgUR0XlWo84eT-pXmT8PGQ/view?usp=drivesdk | K62: https://drive.google.com/file/d/1I0NOZOsevptsEXbXnMM-rZs33-Fx9kdb/view?usp=drivesdk
A63: 118142 | B63: Баттөгөлдөр | C63: E(9-Р АНГИ) II-I | D63: 7 | E63: 3 | F63: 0 | G63: 0 | H63: 0 | I63: https://drive.google.com/file/d/1q9DlLsVbFXu0nSswIfUdrI5omblSUPNU/view?usp=drivesdk | J63: https://drive.google.com/file/d/1B3BOLcK2whiMQEgT2RvuEOa65DOYAN79/view?usp=drivesdk
A64: 97542 | B64: Нурбулан | C64: E(9-Р АНГИ) II-I | D64: 7 | E64: 2 | F64: 0 | G64: 0 | H64: 0 | I64: https://drive.google.com/file/d/18XAB4B6V74pP71XBXsy00PbxepH-sWlw/view?usp=drivesdk | J64: https://drive.google.com/file/d/1hOu4PG8BbND7vr6T_UCl_ylGffgFT-KU/view?usp=drivesdk | K64: https://drive.google.com/file/d/1FVoppotSGy_mggipcniXO8LzqXNVp4mm/view?usp=drivesdk | L64: https://drive.google.com/file/d/1KdhEJAH8xZfn4BwqXjYgK-8l7-Qvip9e/view?usp=drivesdk
A65: 187582 | B65: Цэлмүүн | C65: E(9-Р АНГИ) II-I | D65: 5 | E65: 2 | F65: 0 | G65: 0 | H65: 0 | I65: https://drive.google.com/file/d/165CfjjISgNPZY_5jT8-VKamYqRyYMEKB/view?usp=drivesdk | J65: https://drive.google.com/file/d/11WKA0mInrWYa-VyBJwh1BDXRkEQqWsec/view?usp=drivesdk
A66: 185840 | B66: Баяржаргал | C66: E(9-Р АНГИ) II-I | D66: 7 | E66: 2 | F66: 0 | G66: 0 | H66: 0 | I66: https://drive.google.com/file/d/1b0GrSYLcDzd1Ai6fnx9B7gBzea1-HjL7/view?usp=drivesdk | J66: https://drive.google.com/file/d/1R4lm3Mqn_rsx8-fQybuAnvKPZ4lQycya/view?usp=drivesdk | K66: https://drive.google.com/file/d/1zCm692RN9iZE-C9DtzqwhsTuZHLBqgiC/view?usp=drivesdk
A67: 83942 | B67: Өлзий-Орших | C67: E(9-Р АНГИ) II-I | D67: 7 | E67: 3 | F67: 0 | G67: 0 | H67: 0 | I67: https://drive.google.com/file/d/17C1-21XSQlgpJGTpy43QsHcmRM0MRDI-/view?usp=drivesdk | J67: https://drive.google.com/file/d/14RGZXNUnuCqriLg2HnIZw8xnug79Gtxm/view?usp=drivesdk | K67: https://drive.google.com/file/d/17GllnvNgF4vHDPE11zyW4uemhmaH5nhl/view?usp=drivesdk
A68: 124360 | B68: Дүүрэнжаргал | C68: E(9-Р АНГИ) II-I | D68: 7 | E68: 3 | F68: 0 | G68: 0 | H68: 0 | I68: https://drive.google.com/file/d/1UJJZGLi6PKI03YlrAr_IK4nEF7p2dCxj/view?usp=drivesdk | J68: https://drive.google.com/file/d/1Ocs_vQuHKZtVw1pSp5ENRlH75k4djOHo/view?usp=drivesdk | K68: https://drive.google.com/file/d/1I01oIr8_5zdvp5yMgKW5jEK_4yy8YNlb/view?usp=drivesdk | L68: https://drive.google.com/file/d/1ub9jYAcxcl_Zj2QqoYiAjinaBXVYH8PR/view?usp=drivesdk
A69: 64385 | B69: Алтангэрэл | C69: E(9-Р АНГИ) II-I | D69: 7 | E69: 2 | F69: 0 | G69: 0 | H69: 0 | I69: https://drive.google.com/file/d/1IeDXJwmpE7M09dyfW2f2I0Tkt9KDPf2w/view?usp=drivesdk | J69: https://drive.google.com/file/d/1oBio0CbKSG6duAlxHMdWrY8Pk94FB7Rx/view?usp=drivesdk | K69: https://drive.google.com/file/d/16mOemvziOJDp8R-yoWnLxs_t4ew3OwL4/view?usp=drivesdk
A70: 7896 | B70: Нямсайхан | C70: F(11-Р АНГИ) II-I | D70: 7 | E70: 2 | F70: 2 | G70: 0 | H70: 0 | I70: https://drive.google.com/file/d/1aeTbowteK-Ta-_BM2ERs-URqfR1SD5ON/view?usp=drivesdk | J70: https://drive.google.com/file/d/1cj2pa26GbY26K9_9IVyHTgFZ7rBffmI0/view?usp=drivesdk | K70: https://drive.google.com/file/d/1Vc4ZFc1M8LnMvDbU5yz2wepAviJXzKAk/view?usp=drivesdk
A71: 56735 | B71: Мөнх-ирээдүй | C71: F(11-Р АНГИ) II-I | D71: 7 | E71: 3 | F71: 0 | G71: 0 | H71: 0 | I71: https://drive.google.com/file/d/10TJGQEvkfhQ70T0ERoLcH1_MHk7ttYAQ/view?usp=drivesdk | J71: https://drive.google.com/file/d/1cQOQncDX37CAKX_yQ7MQlCU7yms3mPQF/view?usp=drivesdk | K71: https://drive.google.com/file/d/18gFgLN1uj394ajkENDylYkcUUWy0rTrG/view?usp=drivesdk
A72: 18550 | B72: Эрдэнэжаргал | C72: F(11-Р АНГИ) II-I | D72: 7 | E72: 2 | F72: 0 | G72: 0 | H72: 0 | I72: https://drive.google.com/file/d/1UL1_Zvoe-ZycPiKGaq9ORMHn3gaYxCYs/view?usp=drivesdk
A73: 110930 | B73: Хишигбаатар | C73: F(11-Р АНГИ) II-I | D73: 7 | E73: 2 | F73: 0 | G73: 0 | H73: 0 | I73: https://drive.google.com/file/d/17hOcu0xixxn5elWIYE4bfupSU2F4WYPA/view?usp=drivesdk | J73: https://drive.google.com/file/d/1Vy033mBp_UASbYDUyk3-J_oVcEmPao0h/view?usp=drivesdk | K73: https://drive.google.com/file/d/1CSTv477ATZysaRzXrgkKzjslXGytIdZo/view?usp=drivesdk
A74: 118283 | B74: Билэгжаргал | C74: F(11-Р АНГИ) II-I | D74: 7 | E74: 2 | F74: 0 | G74: 0 | H74: 0 | I74: https://drive.google.com/file/d/1yXMVy-hlv7-_2CHFAWu31tqCyBE3nn40/view?usp=drivesdk | J74: https://drive.google.com/file/d/1LU9BprOc67BK8O-hpR3fCPb5Tx4ctoYv/view?usp=drivesdk | K74: https://drive.google.com/file/d/1fFxz2cbPi_yt-VVk0tVdnPap6hUmGT8y/view?usp=drivesdk
A75: 124032 | B75: Ганзориг | C75: F(11-Р АНГИ) II-I | D75: 7 | E75: 2 | F75: 0 | G75: 0 | H75: 0 | I75: https://drive.google.com/file/d/12lGiSXbKo_o-FJKNJn2CK_PhonEG6XXZ/view?usp=drivesdk | J75: https://drive.google.com/file/d/1lIDXuhTi6n9b0vUsenbnEHUWxLv22xMI/view?usp=drivesdk
A76: 109151 | B76: Батбилэг | C76: F(11-Р АНГИ) II-I | D76: 7 | E76: 0 | F76: 0 | G76: 0 | H76: 0 | I76: https://drive.google.com/file/d/1V_YTbYToOdP5q2vzFwNityUCKtBBvDkI/view?usp=drivesdk | J76: https://drive.google.com/file/d/1cjpu7jVmk4NvRiLuXK_hY_e7aGQVhEsu/view?usp=drivesdk | K76: https://drive.google.com/file/d/1qvME0TyxKacf_6fJcTtXmvpMxJrfHkKv/view?usp=drivesdk | L76: https://drive.google.com/file/d/1_H1H_gcERxe77ODpsF8tbVKtR9Hkzaut/view?usp=drivesdk
A77: 133671 | B77: Энхжин | C77: F(11-Р АНГИ) II-I | D77: 0 | E77: 2 | F77: 0 | G77: 0 | H77: 0 | I77: https://drive.google.com/file/d/1nk8uUWOGrRnksWI7eiSAKbztXlbHijeP/view?usp=drivesdk | J77: https://drive.google.com/file/d/1VLUqVsdL5qi1wsR3drLfcL9EgV-bwmCw/view?usp=drivesdk
A78: 99196 | B78: Мянганбаяр | C78: F(11-Р АНГИ) II-I | D78: 7 | E78: 2 | F78: 0 | G78: 0 | H78: 0 | I78: https://drive.google.com/file/d/1zy23Jp05ths2czFOhDv8D6uF5ZtkaLXq/view?usp=drivesdk | J78: https://drive.google.com/file/d/1IBNPaAjTp7LY2wv-mPTMlwmcyAaTLDdF/view?usp=drivesdk | K78: https://drive.google.com/file/d/1huN0ZXPG3b7k0d8iLUjRvLSJZxikJkwc/view?usp=drivesdk
A79: 118012 | B79: Болортуяа | C79: F(11-Р АНГИ) II-I | D79: 0 | E79: 0 | F79: 0 | G79: 0 | H79: 0 | I79: https://drive.google.com/file/d/1BoRNal4JcF59flk04-LsXVcSVJF4FnA3/view?usp=drivesdk | J79: https://drive.google.com/file/d/1qyN0A6o2zpKjvun28KPWxlvvtkH93G5o/view?usp=drivesdk
A80: 119763 | B80: Энхмандах | C80: F(11-Р АНГИ) II-I | D80: 0 | E80: 2 | F80: 0 | G80: 0 | H80: 0 | I80: https://drive.google.com/file/d/1UFmYqX0dOYim0Tf9xzTGD_7IY5fFE9Jf/view?usp=drivesdk | J80: https://drive.google.com/file/d/18fwoVLdW1lU6fT_DQMXR6feCxUcNIZCE/view?usp=drivesdk | K80: https://drive.google.com/file/d/1FH3PpzS-SFM2r6P9KZYuEooPaXiPj7ky/view?usp=drivesdk
A81: 185275 | B81: Баянмөнх | C81: F(11-Р АНГИ) II-I | D81: 0 | E81: 2 | F81: 0 | G81: 0 | H81: 0 | I81: https://drive.google.com/file/d/1kKmCB4AyTAVE33_rUOMes_OLGj9_qAOB/view?usp=drivesdk | J81: https://drive.google.com/file/d/1MaiWfsvyrC1E1LlYIXV-L5vNS8xZZSgI/view?usp=drivesdk
A82: 110020 | B82: Жанцанноров | C82: F(11-Р АНГИ) II-I | D82: 0 | E82: 2 | F82: 0 | G82: 0 | H82: 0 | I82: https://drive.google.com/file/d/18-Gu3FENLDqnAdK6UaKp2z70Pvq82Wr2/view?usp=drivesdk | J82: https://drive.google.com/file/d/18OI8VelHk6xM0eiEhTpLFFJzyqijMrdm/view?usp=drivesdk | K82: https://drive.google.com/file/d/11BTpfAxIZ7pr4KXOngB0ra7uqU5_2O-A/view?usp=drivesdk | L82: https://drive.google.com/file/d/1D7_G8EVz5GA-g7GUPRQPnx6Ar_VfrqtP/view?usp=drivesdk | M82: https://drive.google.com/file/d/1u4jeWwXyf6xmC7qHZrO4SkUgrsVoGX7m/view?usp=drivesdk | N82: https://drive.google.com/file/d/1HUOktc9IMkN_o-VerPqICgtSAE-_5ubx/view?usp=drivesdk | O82: https://drive.google.com/file/d/1LGO6iYm9tuSdXPXfL6Cmxb6vFnU13VWD/view?usp=drivesdk | P82: https://drive.google.com/file/d/1Cbfk33F0ORmvDZeGe1SsCmWlRWHlQ953/view?usp=drivesdk
A83: 117902 | B83: Алтан-Очир | C83: F(11-Р АНГИ) II-I | D83: 3 | E83: 0 | F83: 0 | G83: 0 | H83: 0 | I83: https://drive.google.com/file/d/1XAdjedPUVimsU32-z_us_MPtoW_ZQMQo/view?usp=drivesdk | J83: https://drive.google.com/file/d/1fwFCQZsuMUDCY4kKd4f_TPKbFjYlmFBG/view?usp=drivesdk | K83: https://drive.google.com/file/d/1w5TPeQwZMVhTZ3NWviqiXh1biAXbjxHk/view?usp=drivesdk
A84: 115856 | B84: Бямбадорж | C84: F(11-Р АНГИ) II-I | D84: 7 | E84: 2 | F84: 0 | G84: 0 | H84: 0 | I84: https://drive.google.com/file/d/1H55-IqVwayd0w0kbuPYZg4_-x5P-Zr1-/view?usp=drivesdk | J84: https://drive.google.com/file/d/1EHbFaWNebYiFfX-PO5EmRF653OqMTPqT/view?usp=drivesdk | K84: https://drive.google.com/file/d/16uYPsDYJEFfev8rsdgl_K2fScEhm7pKj/view?usp=drivesdk
A85: 117431 | B85: Амгаланбаяр | C85: F(11-Р АНГИ) II-I | D85: 0 | E85: 2 | F85: 0 | G85: 0 | H85: 0 | I85: https://drive.google.com/file/d/1Kor6kTGYhi74srteLoYY_kTb7LjVR9dj/view?usp=drivesdk
A86: 83273 | B86: Сарнай | C86: F(11-Р АНГИ) II-I | D86: 0 | E86: 0 | F86: 0 | G86: 0 | H86: 0 | I86: https://drive.google.com/file/d/1MaqlPz1vKyc-TiLIEQBe3sXKvxhfMjwl/view?usp=drivesdk
A87: 3885 | B87: Намуунбайгаль | C87: F(11-Р АНГИ) II-I | D87: 0 | E87: 0 | F87: 0 | G87: 0 | H87: 0 | I87: https://drive.google.com/file/d/1W_vvnqFSswsyvgR3-6cIocNL_aZpOo7w/view?usp=drivesdk | J87: https://drive.google.com/file/d/1ZnIJfYUHwAcM7hEJkLmYQcer9VmGgMzf/view?usp=drivesdk | K87: https://drive.google.com/file/d/1STjVOOgndB7qqVn9_1mesLDNvAKmnmxy/view?usp=drivesdk | L87: https://drive.google.com/file/d/1X41ANWRUiwXcetn6h4q6IvaUrHgK19aZ/view?usp=drivesdk | M87: https://drive.google.com/file/d/1IJWfEqJg6X4FpMtCLFqSKaJNlhMyNp2Z/view?usp=drivesdk
A88: 185512 | B88: Дөлбадрах | C88: F(11-Р АНГИ) II-I | D88: 0 | E88: 0 | F88: 0 | G88: 0 | H88: 0 | I88: https://drive.google.com/file/d/1dS8Mwy-3sYzedLn_YNMENLIzBO1oND2H/view?usp=drivesdk | J88: https://drive.google.com/file/d/1khQP6hU2-dAzAiL1-C0adoLq71mYGCwy/view?usp=drivesdk | K88: https://drive.google.com/file/d/1p3OeT1I9wiUftBGjdklZdYsAr33BvW95/view?usp=drivesdk
A89: 185795 | B89: Төртогтох | C89: F(11-Р АНГИ) II-I | D89: 0 | E89: 0 | F89: 0 | G89: 0 | H89: 0 | I89: https://drive.google.com/file/d/1LvIRw5TeoqEGBqv3zMEMvXMr0UO_r_YW/view?usp=drivesdk
A90: 3881 | B90: Дашням | C90: F(11-Р АНГИ) II-I | D90: 0 | E90: 0 | F90: 0 | G90: 0 | H90: 0 | I90: https://drive.google.com/file/d/1sY40XWwX9P4NfMddJY0UVpy9cF7OLc42/view?usp=drivesdk | J90: https://drive.google.com/file/d/16yaAEFXxQhbSDBO4jcBDtkE3-3n7r6bY/view?usp=drivesdk
A91: 196087 | B91: Баасандулам | C91: F(11-Р АНГИ) II-I | D91: 0 | E91: 0 | F91: 0 | G91: 0 | H91: 0 | I91: https://drive.google.com/file/d/1XvjduTsc3V4ZRlmw-u8PCx1caWYUJaRj/view?usp=drivesdk
A92: 186195 | B92: Энх-Ундрал | C92: F(11-Р АНГИ) II-I | D92: 0 | E92: 0 | F92: 0 | G92: 0 | H92: 0 | I92: https://drive.google.com/file/d/1As3YfUxvsOcylLC--4Tk8ogwKyRlcJm4/view?usp=drivesdk | J92: https://drive.google.com/file/d/1GdS7_G9SILzgl0pnCZQ3sOczBgsgGE6-/view?usp=drivesdk
A93: 139314 | B93: Буяннэмэх | C93: F(11-Р АНГИ) II-I | D93: 0 | E93: 0 | F93: 0 | G93: 0 | H93: 0 | I93: https://drive.google.com/file/d/1xeDj0jGQ6irZHl3iEIsArVelZNEHyeso/view?usp=drivesdk | J93: https://drive.google.com/file/d/17o0bCCr0P8tjsI4mj8SrXt1Bcx__SPa_/view?usp=drivesdk | K93: https://drive.google.com/file/d/1YnPUUSjugL670UUMGtUK2kzoVCxsB1i4/view?usp=drivesdk | L93: https://drive.google.com/file/d/1CwLpBGPvPGlS8AiupfzYr5WeV8bAoiah/view?usp=drivesdk | M93: https://drive.google.com/file/d/1Myv5a1kdvls0vBvTYRhi6riZ3iTkkxv1/view?usp=drivesdk
A94: 110841 | B94: Ардах | C94: F(11-Р АНГИ) II-I | D94: 0 | E94: 0 | F94: 0 | G94: 0 | H94: 0 | I94: https://drive.google.com/file/d/1R_izktjLRGxqJghDNxSkHWDfQg6qyWU9/view?usp=drivesdk | J94: https://drive.google.com/file/d/13R-Ucd6ayPAGUZnMNXz1ZVPJpjVa2Dyk/view?usp=drivesdk | K94: https://drive.google.com/file/d/1yYCQxRsBwkLg5DyljTBhQH2Y4hv8md3w/view?usp=drivesdk
A95: 74613 | B95: Батсүмбэр | C95: F(11-Р АНГИ) II-I | D95: 0 | E95: 0 | F95: 0 | G95: 0 | H95: 0 | I95: https://drive.google.com/file/d/1l8eoOJubdU8q0FUy04Oa-BiXeKMpuKy3/view?usp=drivesdk | J95: https://drive.google.com/file/d/1U3X4T8kSNOfD7jQSv3sBqsAC2wCNbI_c/view?usp=drivesdk | K95: https://drive.google.com/file/d/1KlOho6hW61lYMJd8SbgymSfx65LqvOA1/view?usp=drivesdk | L95: https://drive.google.com/file/d/1UxIVm5q9dBctidgq-Digi34-cRP95NHr/view?usp=drivesdk
A96: 110661 | B96: Нямхүү | C96: F(12-Р АНГИ) II-I | D96: 7 | E96: 2 | F96: 0 | G96: 0 | H96: 0 | I96: https://drive.google.com/file/d/17-QKw3MO-tqq1JxA_NqQPqvPn4F4_s2s/view?usp=drivesdk | J96: https://drive.google.com/file/d/1Rt6CiZIG1T2mz79CnajA5LSOugr9-aCT/view?usp=drivesdk
A97: 142740 | B97: Лаура | C97: F(12-Р АНГИ) II-I | D97: 7 | E97: 2.5 | F97: 0 | G97: 0 | H97: 0 | I97: https://drive.google.com/file/d/1UIS8XI6a2s8Z8FwwunlO5Vu6cNJ9Acf1/view?usp=drivesdk | J97: https://drive.google.com/file/d/1B5NySbiSim0VoXviYbeHD2h5unO77mO3/view?usp=drivesdk | K97: https://drive.google.com/file/d/1XFENCt44wdkIu_kdZkgsjwNq8eVUuacW/view?usp=drivesdk | L97: https://drive.google.com/file/d/1XViPp2drwviedRjn4RNJS8Nup1zuivZg/view?usp=drivesdk | M97: https://drive.google.com/file/d/1NAgZDIVVfnh79JyVd73nc4OY2hBN2BXR/view?usp=drivesdk | N97: https://drive.google.com/file/d/1ms7-MlqX-Kqusfu-3zp2P-Zgp7Xvxhau/view?usp=drivesdk | O97: https://drive.google.com/file/d/1RTLv8651bFCJ3kz32BjSGlFBR1EcktQ2/view?usp=drivesdk | P97: https://drive.google.com/file/d/1sp4rC5OaPllQC78iHEdjZYcTeH5rmvgI/view?usp=drivesdk | Q97: https://drive.google.com/file/d/1292EEbYEaJYMO_ITVq18s40hSj4GW2Fv/view?usp=drivesdk
A98: 122031 | B98: Нарантуяа | C98: F(12-Р АНГИ) II-I | D98: 7 | E98: 2 | F98: 0 | G98: 0 | H98: 0 | I98: https://drive.google.com/file/d/12BSP5GqKss7LYnGk2C_mBTNqsT-9foYc/view?usp=drivesdk | J98: https://drive.google.com/file/d/1IoxmU-Gg7OBhAmx8d5A-2vjuu8wSZMqn/view?usp=drivesdk | K98: https://drive.google.com/file/d/18bRb4K9Nrs1Bo-I4NsYrichF1ShdfWhP/view?usp=drivesdk
A99: 82456 | B99: Болд-Эрдэнэ | C99: F(12-Р АНГИ) II-I | D99: 7 | E99: 2 | F99: 0 | G99: 0 | H99: 0 | I99: https://drive.google.com/file/d/1q63DkGLdsGRu7_njG83pmr3snfSRsTYe/view?usp=drivesdk | J99: https://drive.google.com/file/d/1bvqJt80SHE7zW5e9DmNSjuBzBC2XVmdq/view?usp=drivesdk | K99: https://drive.google.com/file/d/1x1XZulZ-GYZpG9ix40Ur5MWZEgBusxeT/view?usp=drivesdk | L99: https://drive.google.com/file/d/1fLFihubRCOdo9MRiJk9T9l5i-9EQIXMb/view?usp=drivesdk | M99: https://drive.google.com/file/d/1Erv5vHeNKQ9EDVBcJGVfjBnFmsXZKGQN/view?usp=drivesdk | N99: https://drive.google.com/file/d/1W9LO6SqznloUVMX4DGQIGMy70s1eho8e/view?usp=drivesdk | O99: https://drive.google.com/file/d/159L6CYuTE3VTicBy_muMjlGTKFmttZlt/view?usp=drivesdk | P99: https://drive.google.com/file/d/1o8kJwJlQeT9giHrz_2aue-bdjOV22Zhi/view?usp=drivesdk | Q99: https://drive.google.com/file/d/1qOZDZ3ndBoFLQNlF7VWOYy0tzReAynXI/view?usp=drivesdk
A100: 59433 | B100: Эрдэнэхонгор | C100: F(12-Р АНГИ) II-I | D100: 7 | E100: 2 | F100: 0 | G100: 0 | H100: 0 | I100: https://drive.google.com/file/d/1ltCrSAoACdMCFLMNKdo1aRcrDc2rPEtI/view?usp=drivesdk | J100: https://drive.google.com/file/d/1jFjTHhnnAo6zbLi1znxG02_FNokd60Wp/view?usp=drivesdk | K100: https://drive.google.com/file/d/1RhLhwBKi2WFZCqotXTTZeXlRXrgcDgHK/view?usp=drivesdk
...

Sheet 5-р анги
A1: МОНГОЛЫН МАТЕМАТИКИЙН 62-Р ОЛИМПИАД
A2: 46004 | L2: 5 ДУГААР АНГИ
A3: ID | B3: Ангилал | C3: Сургууль | D3: Нэр | E3: Овог | F3: Анги | G3: Бүлэг | H3: Бод-1 | I3: Бод-2 | J3: Бод-3 | K3: Бод-4 | L3: НИЙТ оноо | M3: Эзэлсэн байр
A4: 196066 | B4: С(5-р анги) II-I | C4: Жаргалант сумын 3-р сургууль | D4: Чингүүн | E4: Төмөрхүү | F4: 5-р анги | G4: в | H4: =VLOOKUP($A4,Day1!$A$1:$H$394,4,FALSE()) -> 7 | I4: =VLOOKUP($A4,Day1!$A$1:$H$394,5,FALSE()) -> 1.5 | J4: =VLOOKUP($A4,Day1!$A$1:$H$394,6,FALSE()) -> 6 | K4: =VLOOKUP($A4,Day1!$A$1:$H$394,7,FALSE()) -> 0 | L4: =SUM(H4:K4) -> 14.5 | M4: =ROMAN(RANK(L4,$L$4:$L$59,0)) -> I
A5: 185254 | B5: С(5-р анги) II-I | C5: Жаргалант сумын Прогресс сургууль | D5: Тэлмэнсайхан | E5: Энхмөнх | F5: 5-р анги | G5: б | H5: =VLOOKUP($A5,Day1!$A$1:$H$394,4,FALSE()) -> 7 | I5: =VLOOKUP($A5,Day1!$A$1:$H$394,5,FALSE()) -> 0 | J5: =VLOOKUP($A5,Day1!$A$1:$H$394,6,FALSE()) -> 7 | K5: =VLOOKUP($A5,Day1!$A$1:$H$394,7,FALSE()) -> 0 | L5: =SUM(H5:K5) -> 14 | M5: =ROMAN(RANK(L5,$L$4:$L$59,0)) -> II
A6: 185192 | B6: С(5-р анги) II-I | C6: Жаргалант сумын Прогресс сургууль | D6: Энхнаран | E6: Хишигжаргал | F6: 5-р анги | G6: в | H6: =VLOOKUP($A6,Day1!$A$1:$H$394,4,FALSE()) -> 0 | I6: =VLOOKUP($A6,Day1!$A$1:$H$394,5,FALSE()) -> 3 | J6: =VLOOKUP($A6,Day1!$A$1:$H$394,6,FALSE()) -> 7 | K6: =VLOOKUP($A6,Day1!$A$1:$H$394,7,FALSE()) -> 0 | L6: =SUM(H6:K6) -> 10 | M6: =ROMAN(RANK(L6,$L$4:$L$59,0)) -> III
A7: 197176 | B7: С(5-р анги) II-I | C7: Жаргалант сумын 7-р сургууль | D7: Мөнгөнбаатар | E7: Баянхүү | F7: 5-р анги | G7: б | H7: =VLOOKUP($A7,Day1!$A$1:$H$394,4,FALSE()) -> 0 | I7: =VLOOKUP($A7,Day1!$A$1:$H$394,5,FALSE()) -> 3 | J7: 6 | K7: =VLOOKUP($A7,Day1!$A$1:$H$394,7,FALSE()) -> 0 | L7: =SUM(H7:K7) -> 9 | M7: =ROMAN(RANK(L7,$L$4:$L$59,0)) -> IV
A8: 185249 | B8: С(5-р анги) II-I | C8: Жаргалант сумын Прогресс сургууль | D8: Идэржавхлан | E8: Даваасүрэн | F8: 5-р анги | G8: б | H8: =VLOOKUP($A8,Day1!$A$1:$H$394,4,FALSE()) -> 7 | I8: =VLOOKUP($A8,Day1!$A$1:$H$394,5,FALSE()) -> 0 | J8: =VLOOKUP($A8,Day1!$A$1:$H$394,6,FALSE()) -> 0 | K8: =VLOOKUP($A8,Day1!$A$1:$H$394,7,FALSE()) -> 1 | L8: =SUM(H8:K8) -> 8 | M8: =ROMAN(RANK(L8,$L$4:$L$59,0)) -> V
A9: 195731 | B9: С(5-р анги) II-I | C9: Жаргалант сумын 3-р сургууль | D9: Тэмүүжин | E9: Ганзориг | F9: 5-р анги | G9: а | H9: =VLOOKUP($A9,Day1!$A$1:$H$394,4,FALSE()) -> 2 | I9: =VLOOKUP($A9,Day1!$A$1:$H$394,5,FALSE()) -> 0 | J9: =VLOOKUP($A9,Day1!$A$1:$H$394,6,FALSE()) -> 5 | K9: =VLOOKUP($A9,Day1!$A$1:$H$394,7,FALSE()) -> 0 | L9: =SUM(H9:K9) -> 7 | M9: =ROMAN(RANK(L9,$L$4:$L$59,0)) -> VI
A10: 185252 | B10: С(5-р анги) II-I | C10: Жаргалант сумын Прогресс сургууль | D10: Номин | E10: Батзориг | F10: 5-р анги | G10: б | H10: =VLOOKUP($A10,Day1!$A$1:$H$394,4,FALSE()) -> 0 | I10: =VLOOKUP($A10,Day1!$A$1:$H$394,5,FALSE()) -> 0 | J10: =VLOOKUP($A10,Day1!$A$1:$H$394,6,FALSE()) -> 6 | K10: =VLOOKUP($A10,Day1!$A$1:$H$394,7,FALSE()) -> 1 | L10: =SUM(H10:K10) -> 7 | M10: =ROMAN(RANK(L10,$L$4:$L$59,0)) -> VI
A11: 196067 | B11: С(5-р анги) II-I | C11: Жаргалант сумын 3-р сургууль | D11: Ган-Очир | E11: Очирбат | F11: 5-р анги | G11: в | H11: =VLOOKUP($A11,Day1!$A$1:$H$394,4,FALSE()) -> 0 | I11: =VLOOKUP($A11,Day1!$A$1:$H$394,5,FALSE()) -> 0 | J11: =VLOOKUP($A11,Day1!$A$1:$H$394,6,FALSE()) -> 5 | K11: =VLOOKUP($A11,Day1!$A$1:$H$394,7,FALSE()) -> 0 | L11: =SUM(H11:K11) -> 5 | M11: =ROMAN(RANK(L11,$L$4:$L$59,0)) -> VIII
A12: 185222 | B12: С(5-р анги) II-I | C12: Жаргалант сумын Прогресс сургууль | D12: Жанерке | E12: Хойчбай | F12: 5-р анги | G12: а | H12: =VLOOKUP($A12,Day1!$A$1:$H$394,4,FALSE()) -> 0 | I12: =VLOOKUP($A12,Day1!$A$1:$H$394,5,FALSE()) -> 0 | J12: =VLOOKUP($A12,Day1!$A$1:$H$394,6,FALSE()) -> 5 | K12: =VLOOKUP($A12,Day1!$A$1:$H$394,7,FALSE()) -> 0 | L12: =SUM(H12:K12) -> 5 | M12: =ROMAN(RANK(L12,$L$4:$L$59,0)) -> VIII
A13: 205622 | B13: С(5-р анги) II-I | C13: Буянт сумын сургууль | D13: Энгүүн | E13: Баасандорж | F13: 5-р анги | G13: б | H13: =VLOOKUP($A13,Day1!$A$1:$H$394,4,FALSE()) -> 5 | I13: =VLOOKUP($A13,Day1!$A$1:$H$394,5,FALSE()) -> 0 | J13: =VLOOKUP($A13,Day1!$A$1:$H$394,6,FALSE()) -> 0 | K13: =VLOOKUP($A13,Day1!$A$1:$H$394,7,FALSE()) -> 0 | L13: =SUM(H13:K13) -> 5 | M13: =ROMAN(RANK(L13,$L$4:$L$59,0)) -> VIII
A14: 185187 | B14: С(5-р анги) II-I | C14: Жаргалант сумын Прогресс сургууль | D14: Дөлгөөнмөрөн | E14: Бүрэнбат | F14: 5-р анги | G14: в | H14: =VLOOKUP($A14,Day1!$A$1:$H$394,4,FALSE()) -> 0 | I14: =VLOOKUP($A14,Day1!$A$1:$H$394,5,FALSE()) -> 3 | J14: =VLOOKUP($A14,Day1!$A$1:$H$394,6,FALSE()) -> 1 | K14: =VLOOKUP($A14,Day1!$A$1:$H$394,7,FALSE()) -> 0 | L14: =SUM(H14:K14) -> 4 | M14: =ROMAN(RANK(L14,$L$4:$L$59,0)) -> XI
A15: 187279 | B15: С(5-р анги) II-I | C15: Эрдэнэбүрэн сумын сургууль | D15: Нямдаваа | E15: Тулга | F15: 5-р анги | G15: а | H15: =VLOOKUP($A15,Day1!$A$1:$H$394,4,FALSE()) -> 2 | I15: =VLOOKUP($A15,Day1!$A$1:$H$394,5,FALSE()) -> 0 | J15: =VLOOKUP($A15,Day1!$A$1:$H$394,6,FALSE()) -> 0 | K15: =VLOOKUP($A15,Day1!$A$1:$H$394,7,FALSE()) -> 0 | L15: =SUM(H15:K15) -> 2 | M15: =ROMAN(RANK(L15,$L$4:$L$59,0)) -> XII
A16: 111961 | B16: С(5-р анги) II-I | C16: Алтай сумын сургууль | D16: Пүрэвсайхан | E16: Энхбаяр | F16: 5-р анги | G16: б | H16: =VLOOKUP($A16,Day1!$A$1:$H$394,4,FALSE()) -> 2 | I16: =VLOOKUP($A16,Day1!$A$1:$H$394,5,FALSE()) -> 0 | J16: =VLOOKUP($A16,Day1!$A$1:$H$394,6,FALSE()) -> 0 | K16: =VLOOKUP($A16,Day1!$A$1:$H$394,7,FALSE()) -> 0 | L16: =SUM(H16:K16) -> 2 | M16: =ROMAN(RANK(L16,$L$4:$L$59,0)) -> XII
A17: 185181 | B17: С(5-р анги) II-I | C17: Жаргалант сумын Прогресс сургууль | D17: Баттөгөлдөр | E17: А | F17: 5-р анги | G17: в | H17: =VLOOKUP($A17,Day1!$A$1:$H$394,4,FALSE()) -> 0 | I17: =VLOOKUP($A17,Day1!$A$1:$H$394,5,FALSE()) -> 2 | J17: =VLOOKUP($A17,Day1!$A$1:$H$394,6,FALSE()) -> 0 | K17: =VLOOKUP($A17,Day1!$A$1:$H$394,7,FALSE()) -> 0 | L17: =SUM(H17:K17) -> 2 | M17: =ROMAN(RANK(L17,$L$4:$L$59,0)) -> XII
A18: 181050 | B18: С(5-р анги) II-I | C18: Жаргалант сумын 1-р сургууль | D18: Билэг-Энэрэл | E18: Төмөрхүү | F18: 5-р анги | G18: а | H18: =VLOOKUP($A18,Day1!$A$1:$H$394,4,FALSE()) -> 2 | I18: =VLOOKUP($A18,Day1!$A$1:$H$394,5,FALSE()) -> 0 | J18: =VLOOKUP($A18,Day1!$A$1:$H$394,6,FALSE()) -> 0 | K18: =VLOOKUP($A18,Day1!$A$1:$H$394,7,FALSE()) -> 0 | L18: =SUM(H18:K18) -> 2 | M18: =ROMAN(RANK(L18,$L$4:$L$59,0)) -> XII
A19: 185241 | B19: С(5-р анги) II-I | C19: Жаргалант сумын Прогресс сургууль | D19: Амгалан | E19: Ганболд | F19: 5-р анги | G19: б | H19: =VLOOKUP($A19,Day1!$A$1:$H$394,4,FALSE()) -> 0 | I19: =VLOOKUP($A19,Day1!$A$1:$H$394,5,FALSE()) -> 0 | J19: =VLOOKUP($A19,Day1!$A$1:$H$394,6,FALSE()) -> 0 | K19: =VLOOKUP($A19,Day1!$A$1:$H$394,7,FALSE()) -> 1 | L19: =SUM(H19:K19) -> 1 | M19: =ROMAN(RANK(L19,$L$4:$L$59,0)) -> XVI
... A59: 111669 | B59: С(5-р анги) II-I | C59: Мөст сумын сургууль | D59: Элбэгсайхан | E59: Ариунболд | F59: 5-р анги | G59: б | H59: =VLOOKUP($A59,Day1!$A$1:$H$394,4,FALSE()) -> 0 | I59: =VLOOKUP($A59,Day1!$A$1:$H$394,5,FALSE()) -> 0 | J59: =VLOOKUP($A59,Day1!$A$1:$H$394,6,FALSE()) -> 0 | K59: =VLOOKUP($A59,Day1!$A$1:$H$394,7,FALSE()) -> 0 | L59: =SUM(H59:K59) -> 0 | M59: =ROMAN(RANK(L59,$L$4:$L$59,0)) -> XXI
A61: Олимпиадыг авсан багш: М.Чагцал, Д.Ганцацрал, Э.Нарантуяа
A63: Олимпиадыгзассан багш: Ц.Бадамханд, З.Батсүлд, Х.Онгорбай, З.Бямбарагчаа

Sheet 6-р анги
A1: МОНГОЛЫН МАТЕМАТИКИЙН 62-Р ОЛИМПИАД
A2: 46004 | J2: 6 ДУГААР АНГИ
A3: ID | B3: Ангилал | C3: Сургууль | D3: Нэр | E3: Овог | F3: Анги | G3: Бүлэг | H3: Бод-1 | I3: Бод-2 | J3: Бод-3 | K3: Бод-4 | L3: НИЙТ оноо | M3: Эзэлсэн байр
A4: 185284 | B4: С(6-р анги) II-I | C4: Жаргалант сумын Прогресс сургууль | D4: Ану | E4: Дорждэрэм | F4: 6-р анги | G4: г | H4: =VLOOKUP($A4,Day1!$A$1:$H$394,4,FALSE()) -> 1.5 | I4: =VLOOKUP($A4,Day1!$A$1:$H$394,5,FALSE()) -> 0 | J4: =VLOOKUP($A4,Day1!$A$1:$H$394,6,FALSE()) -> 6 | K4: =VLOOKUP($A4,Day1!$A$1:$H$394,7,FALSE()) -> 1 | L4: =SUM(H4:K4) -> 8.5 | M4: =ROMAN(RANK(L4,$L$4:$L$74,0)) -> I
A5: 187417 | B5: С(6-р анги) II-I | C5: Жаргалант сумын Цаст-Алтай сургууль | D5: Батцэцэг | E5: Хадбаатар | F5: 6-р анги | G5: д | H5: =VLOOKUP($A5,Day1!$A$1:$H$394,4,FALSE()) -> 1 | I5: =VLOOKUP($A5,Day1!$A$1:$H$394,5,FALSE()) -> 0 | J5: =VLOOKUP($A5,Day1!$A$1:$H$394,6,FALSE()) -> 6 | K5: =VLOOKUP($A5,Day1!$A$1:$H$394,7,FALSE()) -> 1 | L5: =SUM(H5:K5) -> 8 | M5: =ROMAN(RANK(L5,$L$4:$L$74,0)) -> II
A6: 159136 | B6: С(6-р анги) II-I | C6: Жаргалант сумын 1-р сургууль | D6: Галсандаваа | E6: Бүтэхбаяр | F6: 6-р анги | G6: в | H6: =VLOOKUP($A6,Day1!$A$1:$H$394,4,FALSE()) -> 1 | I6: =VLOOKUP($A6,Day1!$A$1:$H$394,5,FALSE()) -> 0 | J6: =VLOOKUP($A6,Day1!$A$1:$H$394,6,FALSE()) -> 7 | K6: =VLOOKUP($A6,Day1!$A$1:$H$394,7,FALSE()) -> 0 | L6: =SUM(H6:K6) -> 8 | M6: =ROMAN(RANK(L6,$L$4:$L$74,0)) -> II | N6: 36000
A7: 185285 | B7: С(6-р анги) II-I | C7: Жаргалант сумын Прогресс сургууль | D7: Есү | E7: Дорждэрэм | F7: 6-р анги | G7: г | H7: =VLOOKUP($A7,Day1!$A$1:$H$394,4,FALSE()) -> 0 | I7: =VLOOKUP($A7,Day1!$A$1:$H$394,5,FALSE()) -> 0 | J7: =VLOOKUP($A7,Day1!$A$1:$H$394,6,FALSE()) -> 6 | K7: =VLOOKUP($A7,Day1!$A$1:$H$394,7,FALSE()) -> 1.5 | L7: =SUM(H7:K7) -> 7.5 | M7: =ROMAN(RANK(L7,$L$4:$L$74,0)) -> IV
A8: 144728 | B8: С(6-р анги) II-I | C8: Жаргалант сумын Цаст-Алтай сургууль | D8: Тогтуунхүслэн | E8: Балдорж | F8: 6-р анги | G8: б | H8: =VLOOKUP($A8,Day1!$A$1:$H$394,4,FALSE()) -> 0 | I8: =VLOOKUP($A8,Day1!$A$1:$H$394,5,FALSE()) -> 2 | J8: =VLOOKUP($A8,Day1!$A$1:$H$394,6,FALSE()) -> 5.5 | K8: =VLOOKUP($A8,Day1!$A$1:$H$394,7,FALSE()) -> 0 | L8: =SUM(H8:K8) -> 7.5 | M8: =ROMAN(RANK(L8,$L$4:$L$74,0)) -> IV | N8: 27000
A9: 162248 | B9: С(6-р анги) II-I | C9: Жаргалант сумын Цаст-Алтай сургууль | D9: Гарьд | E9: Сугарбаяр | F9: 6-р анги | G9: г | H9: =VLOOKUP($A9,Day1!$A$1:$H$394,4,FALSE()) -> 0 | I9: =VLOOKUP($A9,Day1!$A$1:$H$394,5,FALSE()) -> 0 | J9: =VLOOKUP($A9,Day1!$A$1:$H$394,6,FALSE()) -> 6 | K9: =VLOOKUP($A9,Day1!$A$1:$H$394,7,FALSE()) -> 0 | L9: =SUM(H9:K9) -> 6 | M9: =ROMAN(RANK(L9,$L$4:$L$74,0)) -> VI
A10: 131693 | B10: С(6-р анги) II-I | C10: Жаргалант сумын Прогресс сургууль | D10: Эрдэнэбаатар | E10: Баасанжав | F10: 6-р анги | G10: в | H10: =VLOOKUP($A10,Day1!$A$1:$H$394,4,FALSE()) -> 0 | I10: =VLOOKUP($A10,Day1!$A$1:$H$394,5,FALSE()) -> 0 | J10: =VLOOKUP($A10,Day1!$A$1:$H$394,6,FALSE()) -> 6 | K10: =VLOOKUP($A10,Day1!$A$1:$H$394,7,FALSE()) -> 0 | L10: =SUM(H10:K10) -> 6 | M10: =ROMAN(RANK(L10,$L$4:$L$74,0)) -> VI
A11: 131712 | B11: С(6-р анги) II-I | C11: Жаргалант сумын Прогресс сургууль | D11: Мөнхбилэг | E11: Золбаяр | F11: 6-р анги | G11: б | H11: =VLOOKUP($A11,Day1!$A$1:$H$394,4,FALSE()) -> 0 | I11: =VLOOKUP($A11,Day1!$A$1:$H$394,5,FALSE()) -> 0 | J11: =VLOOKUP($A11,Day1!$A$1:$H$394,6,FALSE()) -> 5 | K11: =VLOOKUP($A11,Day1!$A$1:$H$394,7,FALSE()) -> 0 | L11: =SUM(H11:K11) -> 5 | M11: =ROMAN(RANK(L11,$L$4:$L$74,0)) -> VIII
A12: 145506 | B12: С(6-р анги) II-I | C12: Мянгад сумын сургууль | D12: Санчир | E12: Ганбаяр | F12: 6-р анги | G12: б | H12: =VLOOKUP($A12,Day1!$A$1:$H$394,4,FALSE()) -> 0 | I12: =VLOOKUP($A12,Day1!$A$1:$H$394,5,FALSE()) -> 0 | J12: =VLOOKUP($A12,Day1!$A$1:$H$394,6,FALSE()) -> 5 | K12: =VLOOKUP($A12,Day1!$A$1:$H$394,7,FALSE()) -> 0 | L12: =SUM(H12:K12) -> 5 | M12: =ROMAN(RANK(L12,$L$4:$L$74,0)) -> VIII
A13: 124381 | B13: С(6-р анги) II-I | C13: Жаргалант сумын Прогресс сургууль | D13: Очирсүлд | E13: Балдорж | F13: 6-р анги | G13: г | H13: =VLOOKUP($A13,Day1!$A$1:$H$394,4,FALSE()) -> 1 | I13: =VLOOKUP($A13,Day1!$A$1:$H$394,5,FALSE()) -> 0 | J13: =VLOOKUP($A13,Day1!$A$1:$H$394,6,FALSE()) -> 3 | K13: =VLOOKUP($A13,Day1!$A$1:$H$394,7,FALSE()) -> 0 | L13: =SUM(H13:K13) -> 4 | M13: =ROMAN(RANK(L13,$L$4:$L$74,0)) -> X
A14: 124388 | B14: С(6-р анги) II-I | C14: Жаргалант сумын Прогресс сургууль | D14: Баатарсайхан | E14: Баярсайхан | F14: 6-р анги | G14: г | H14: =VLOOKUP($A14,Day1!$A$1:$H$394,4,FALSE()) -> 1 | I14: =VLOOKUP($A14,Day1!$A$1:$H$394,5,FALSE()) -> 0 | J14: =VLOOKUP($A14,Day1!$A$1:$H$394,6,FALSE()) -> 3 | K14: =VLOOKUP($A14,Day1!$A$1:$H$394,7,FALSE()) -> 0 | L14: =SUM(H14:K14) -> 4 | M14: =ROMAN(RANK(L14,$L$4:$L$74,0)) -> X
A15: 124372 | B15: С(6-р анги) II-I | C15: Жаргалант сумын Прогресс сургууль | D15: Анандзаяа | E15: Мөнх-Очир | F15: 6-р анги | G15: г | H15: =VLOOKUP($A15,Day1!$A$1:$H$394,4,FALSE()) -> 1 | I15: =VLOOKUP($A15,Day1!$A$1:$H$394,5,FALSE()) -> 2 | J15: =VLOOKUP($A15,Day1!$A$1:$H$394,6,FALSE()) -> 0 | K15: =VLOOKUP($A15,Day1!$A$1:$H$394,7,FALSE()) -> 0 | L15: =SUM(H15:K15) -> 3 | M15: =ROMAN(RANK(L15,$L$4:$L$74,0)) -> XII
A16: 124387 | B16: С(6-р анги) II-I | C16: Жаргалант сумын Прогресс сургууль | D16: Учрал | E16: Амарбаясгалан | F16: 6-р анги | G16: г | H16: =VLOOKUP($A16,Day1!$A$1:$H$394,4,FALSE()) -> 0 | I16: =VLOOKUP($A16,Day1!$A$1:$H$394,5,FALSE()) -> 0 | J16: =VLOOKUP($A16,Day1!$A$1:$H$394,6,FALSE()) -> 3 | K16: =VLOOKUP($A16,Day1!$A$1:$H$394,7,FALSE()) -> 0 | L16: =SUM(H16:K16) -> 3 | M16: =ROMAN(RANK(L16,$L$4:$L$74,0)) -> XII
A17: 185292 | B17: С(6-р анги) II-I | C17: Жаргалант сумын Прогресс сургууль | D17: Төрмандах | E17: Санжмятав | F17: 6-р анги | G17: г | H17: =VLOOKUP($A17,Day1!$A$1:$H$394,4,FALSE()) -> 0 | I17: =VLOOKUP($A17,Day1!$A$1:$H$394,5,FALSE()) -> 0 | J17: =VLOOKUP($A17,Day1!$A$1:$H$394,6,FALSE()) -> 3 | K17: =VLOOKUP($A17,Day1!$A$1:$H$394,7,FALSE()) -> 0 | L17: =SUM(H17:K17) -> 3 | M17: =ROMAN(RANK(L17,$L$4:$L$74,0)) -> XII
A18: 122516 | B18: С(6-р анги) II-I | C18: Жаргалант сумын 2-р сургууль | D18: Нуртыле | E18: Керекбай | F18: 6-р анги | G18: а | H18: =VLOOKUP($A18,Day1!$A$1:$H$394,4,FALSE()) -> 0 | I18: =VLOOKUP($A18,Day1!$A$1:$H$394,5,FALSE()) -> 0 | J18: =VLOOKUP($A18,Day1!$A$1:$H$394,6,FALSE()) -> 3 | K18: =VLOOKUP($A18,Day1!$A$1:$H$394,7,FALSE()) -> 0 | L18: =SUM(H18:K18) -> 3 | M18: =ROMAN(RANK(L18,$L$4:$L$74,0)) -> XII
A19: 117566 | B19: С(6-р анги) II-I | C19: Дарви сумын сургууль | D19: Сарангуа | E19: Мөнхжаргал | F19: 6-р анги | G19: а | H19: =VLOOKUP($A19,Day1!$A$1:$H$394,4,FALSE()) -> 0 | I19: =VLOOKUP($A19,Day1!$A$1:$H$394,5,FALSE()) -> 0 | J19: =VLOOKUP($A19,Day1!$A$1:$H$394,6,FALSE()) -> 3 | K19: =VLOOKUP($A19,Day1!$A$1:$H$394,7,FALSE()) -> 0 | L19: =SUM(H19:K19) -> 3 | M19: =ROMAN(RANK(L19,$L$4:$L$74,0)) -> XII
A20: 132940 | B20: С(6-р анги) II-I | C20: Жаргалант сумын Прогресс сургууль | D20: Ган-Эрдэнэ | E20: Ганзориг | F20: 6-р анги | G20: в | H20: =VLOOKUP($A20,Day1!$A$1:$H$394,4,FALSE()) -> 2 | I20: =VLOOKUP($A20,Day1!$A$1:$H$394,5,FALSE()) -> 0 | J20: =VLOOKUP($A20,Day1!$A$1:$H$394,6,FALSE()) -> 0 | K20: =VLOOKUP($A20,Day1!$A$1:$H$394,7,FALSE()) -> 0 | L20: =SUM(H20:K20) -> 2 | M20: =ROMAN(RANK(L20,$L$4:$L$74,0)) -> XVII
... A74: 171678 | B74: С(6-р анги) II-I | C74: Дуут сумын сургууль | D74: Наранзаяа | E74: Баянмөнх | F74: 6-р анги | G74: а | H74: =VLOOKUP($A74,Day1!$A$1:$H$394,4,FALSE()) -> 0 | I74: =VLOOKUP($A74,Day1!$A$1:$H$394,5,FALSE()) -> 0 | J74: =VLOOKUP($A74,Day1!$A$1:$H$394,6,FALSE()) -> 0 | K74: =VLOOKUP($A74,Day1!$A$1:$H$394,7,FALSE()) -> 0 | L74: =SUM(H74:K74) -> 0 | M74: =ROMAN(RANK(L74,$L$4:$L$74,0)) -> XLVI
A76: Олимпиадыг авсан багш: М.Чагцал, Д.Ганцацрал, Э.Нарантуяа
A78: Олимпиадыгзассан багш: Ц.Бадамханд, З.Батсүлд, Б.Ганбаяр, Х.Онгорбай

Sheet 7-р анги
A1: МОНГОЛЫН МАТЕМАТИКИЙН 62-Р ОЛИМПИАД
A2: 46005 | J2: 7 ДУГААР АНГИ
A3: ID | B3: Ангилал | C3: Сургууль | D3: Нэр | E3: Овог | F3: Анги | G3: Бүлэг | H3: Бод-1 | I3: Бод-2 | J3: Бод-3 | K3: Бод-4 | L3: НИЙТ оноо | M3: Эзэлсэн байр
A4: 186917 | B4: D(7-р анги) II-I | C4: Жаргалант сумын Прогресс сургууль | D4: Эрхсаран | E4: Энхболд | F4: 7-р анги | G4: в | H4: =VLOOKUP($A4,Day2!$A$1:$H$400,4,FALSE()) -> 4 | I4: =VLOOKUP($A4,Day2!$A$1:$H$400,5,FALSE()) -> 0 | J4: =VLOOKUP($A4,Day2!$A$1:$H$400,6,FALSE()) -> 0 | K4: =VLOOKUP($A4,Day2!$A$1:$H$400,7,FALSE()) -> 0 | L4: =SUM(G4:K4) -> 4 | M4: =ROMAN(RANK(L4,$L$4:$L$51,0)) -> I
A5: 174556 | B5: D(7-р анги) II-I | C5: Жаргалант сумын Цаст-Алтай сургууль | D5: Бадрал | E5: Нармандах | F5: 7-р анги | G5: б | H5: =VLOOKUP($A5,Day2!$A$1:$H$400,4,FALSE()) -> 3 | I5: =VLOOKUP($A5,Day2!$A$1:$H$400,5,FALSE()) -> 0 | J5: =VLOOKUP($A5,Day2!$A$1:$H$400,6,FALSE()) -> 0 | K5: =VLOOKUP($A5,Day2!$A$1:$H$400,7,FALSE()) -> 0 | L5: =SUM(G5:K5) -> 3 | M5: =ROMAN(RANK(L5,$L$4:$L$51,0)) -> II
A6: 192744 | B6: D(7-р анги) II-I | C6: Булган сумын 1-р сургууль | D6: Ананд | E6: Ууганбаяр | F6: 7-р анги | G6: а | H6: =VLOOKUP($A6,Day2!$A$1:$H$400,4,FALSE()) -> 2 | I6: =VLOOKUP($A6,Day2!$A$1:$H$400,5,FALSE()) -> 0 | J6: =VLOOKUP($A6,Day2!$A$1:$H$400,6,FALSE()) -> 0 | K6: =VLOOKUP($A6,Day2!$A$1:$H$400,7,FALSE()) -> 0 | L6: =SUM(G6:K6) -> 2 | M6: =ROMAN(RANK(L6,$L$4:$L$51,0)) -> III
A7: 188003 | B7: D(7-р анги) II-I | C7: Алтай сумын сургууль | D7: Энхжаргал | E7: Цагаандалай | F7: 7-р анги | G7: б | H7: =VLOOKUP($A7,Day2!$A$1:$H$400,4,FALSE()) -> 0 | I7: =VLOOKUP($A7,Day2!$A$1:$H$400,5,FALSE()) -> 0 | J7: =VLOOKUP($A7,Day2!$A$1:$H$400,6,FALSE()) -> 0 | K7: =VLOOKUP($A7,Day2!$A$1:$H$400,7,FALSE()) -> 0 | L7: =SUM(G7:K7) -> 0 | M7: =ROMAN(RANK(L7,$L$4:$L$51,0)) -> IV
A8: 175004 | B8: D(7-р анги) II-I | C8: Жаргалант сумын 2-р сургууль | D8: Чингүүн | E8: Буяннэмэх | F8: 7-р анги | G8: а | H8: =VLOOKUP($A8,Day2!$A$1:$H$400,4,FALSE()) -> 0 | I8: =VLOOKUP($A8,Day2!$A$1:$H$400,5,FALSE()) -> 0 | J8: =VLOOKUP($A8,Day2!$A$1:$H$400,6,FALSE()) -> 0 | K8: =VLOOKUP($A8,Day2!$A$1:$H$400,7,FALSE()) -> 0 | L8: =SUM(G8:K8) -> 0 | M8: =ROMAN(RANK(L8,$L$4:$L$51,0)) -> IV
A9: 196042 | B9: D(7-р анги) II-I | C9: Жаргалант сумын 3-р сургууль | D9: Энх-Амгалан | E9: Төмөрхүү | F9: 7-р анги | G9: а | H9: =VLOOKUP($A9,Day2!$A$1:$H$400,4,FALSE()) -> 0 | I9: =VLOOKUP($A9,Day2!$A$1:$H$400,5,FALSE()) -> 0 | J9: =VLOOKUP($A9,Day2!$A$1:$H$400,6,FALSE()) -> 0 | K9: =VLOOKUP($A9,Day2!$A$1:$H$400,7,FALSE()) -> 0 | L9: =SUM(G9:K9) -> 0 | M9: =ROMAN(RANK(L9,$L$4:$L$51,0)) -> IV
A10: 88991 | B10: D(7-р анги) II-I | C10: Жаргалант сумын 6-р сургууль | D10: Энхтүвшин | E10: Гантулга | F10: 7-р анги | G10: б | H10: =VLOOKUP($A10,Day2!$A$1:$H$400,4,FALSE()) -> 0 | I10: =VLOOKUP($A10,Day2!$A$1:$H$400,5,FALSE()) -> 0 | J10: =VLOOKUP($A10,Day2!$A$1:$H$400,6,FALSE()) -> 0 | K10: =VLOOKUP($A10,Day2!$A$1:$H$400,7,FALSE()) -> 0 | L10: =SUM(G10:K10) -> 0 | M10: =ROMAN(RANK(L10,$L$4:$L$51,0)) -> IV
A11: 88997 | B11: D(7-р анги) II-I | C11: Жаргалант сумын 6-р сургууль | D11: Мянганбаяр | E11: Одонхүү | F11: 7-р анги | G11: а | H11: =VLOOKUP($A11,Day2!$A$1:$H$400,4,FALSE()) -> 0 | I11: =VLOOKUP($A11,Day2!$A$1:$H$400,5,FALSE()) -> 0 | J11: =VLOOKUP($A11,Day2!$A$1:$H$400,6,FALSE()) -> 0 | K11: =VLOOKUP($A11,Day2!$A$1:$H$400,7,FALSE()) -> 0 | L11: =SUM(G11:K11) -> 0 | M11: =ROMAN(RANK(L11,$L$4:$L$51,0)) -> IV
A12: 124028 | B12: D(7-р анги) II-I | C12: Жаргалант сумын 6-р сургууль | D12: Цэлмэг | E12: Отгонбаяр | F12: 7-р анги | G12: а | H12: =VLOOKUP($A12,Day2!$A$1:$H$400,4,FALSE()) -> 0 | I12: =VLOOKUP($A12,Day2!$A$1:$H$400,5,FALSE()) -> 0 | J12: =VLOOKUP($A12,Day2!$A$1:$H$400,6,FALSE()) -> 0 | K12: =VLOOKUP($A12,Day2!$A$1:$H$400,7,FALSE()) -> 0 | L12: =SUM(G12:K12) -> 0 | M12: =ROMAN(RANK(L12,$L$4:$L$51,0)) -> IV
A13: 196638 | B13: D(7-р анги) II-I | C13: Жаргалант сумын 7-р сургууль | D13: Энхзаяа | E13: Алтансүх | F13: 7-р анги | G13: а | H13: =VLOOKUP($A13,Day2!$A$1:$H$400,4,FALSE()) -> 0 | I13: =VLOOKUP($A13,Day2!$A$1:$H$400,5,FALSE()) -> 0 | J13: =VLOOKUP($A13,Day2!$A$1:$H$400,6,FALSE()) -> 0 | K13: =VLOOKUP($A13,Day2!$A$1:$H$400,7,FALSE()) -> 0 | L13: =SUM(G13:K13) -> 0 | M13: =ROMAN(RANK(L13,$L$4:$L$51,0)) -> IV
A14: 83909 | B14: D(7-р анги) II-I | C14: Жаргалант сумын Прогресс сургууль | D14: Бүрэнтөгс | E14: Сайнбаяр | F14: 7-р анги | G14: г | H14: =VLOOKUP($A14,Day2!$A$1:$H$400,4,FALSE()) -> 0 | I14: =VLOOKUP($A14,Day2!$A$1:$H$400,5,FALSE()) -> 0 | J14: =VLOOKUP($A14,Day2!$A$1:$H$400,6,FALSE()) -> 0 | K14: =VLOOKUP($A14,Day2!$A$1:$H$400,7,FALSE()) -> 0 | L14: =SUM(G14:K14) -> 0 | M14: =ROMAN(RANK(L14,$L$4:$L$51,0)) -> IV
A15: 83920 | B15: D(7-р анги) II-I | C15: Жаргалант сумын Прогресс сургууль | D15: Хулан | E15: Балчиг | F15: 7-р анги | G15: г | H15: =VLOOKUP($A15,Day2!$A$1:$H$400,4,FALSE()) -> 0 | I15: =VLOOKUP($A15,Day2!$A$1:$H$400,5,FALSE()) -> 0 | J15: =VLOOKUP($A15,Day2!$A$1:$H$400,6,FALSE()) -> 0 | K15: =VLOOKUP($A15,Day2!$A$1:$H$400,7,FALSE()) -> 0 | L15: =SUM(G15:K15) -> 0 | M15: =ROMAN(RANK(L15,$L$4:$L$51,0)) -> IV
... A51: 213249 | B51: D(7-р анги) II-I | C51: Чандмань сумын сургууль | D51: Оюунбилэг | E51: Сүхбаатар | F51: 7-р анги | G51: а | H51: =VLOOKUP($A51,Day2!$A$1:$H$400,4,FALSE()) -> 0 | I51: =VLOOKUP($A51,Day2!$A$1:$H$400,5,FALSE()) -> 0 | J51: =VLOOKUP($A51,Day2!$A$1:$H$400,6,FALSE()) -> 0 | K51: =VLOOKUP($A51,Day2!$A$1:$H$400,7,FALSE()) -> 0 | L51: =SUM(G51:K51) -> 0 | M51: =ROMAN(RANK(L51,$L$4:$L$51,0)) -> IV
A53: Олимпиадыг авсан багш: А.Уламбаяр, Б.Хоролсүрэн, С.Чанцалмаа
A55: Олимпиадыгзассан багш: Ц.Бадамханд, З.Батсүлд, Б.Ганбаяр, Х.Онгорбай

Sheet 8-р анги
A1: МОНГОЛЫН МАТЕМАТИКИЙН 62-Р ОЛИМПИАД
A2: 46005 | J2: 9 ДҮГЭЭР АНГИ
A3: ID | B3: Ангилал | C3: Сургууль | D3: Нэр | E3: Овог | F3: Анги | G3: Бүлэг | H3: Бод-1 | I3: Бод-2 | J3: Бод-3 | K3: Бод-4 | L3: НИЙТ оноо | M3: Эзэлсэн байр
A4: 155596 | B4: D(8-р анги) II-I | C4: Жаргалант сумын 1-р сургууль | D4: Амин-Эрдэнэ | E4: Алтанхуяг | F4: 8-р анги | G4: г | H4: =VLOOKUP($A4,Day2!$A$1:$H$400,4,FALSE()) -> 4 | I4: =VLOOKUP($A4,Day2!$A$1:$H$400,5,FALSE()) -> 7 | J4: =VLOOKUP($A4,Day2!$A$1:$H$400,6,FALSE()) -> 0 | K4: =VLOOKUP($A4,Day2!$A$1:$H$400,7,FALSE()) -> 0 | L4: =SUM(G4:K4) -> 11 | M4: =ROMAN(RANK(L4,$L$4:$L$54,0)) -> I
A5: 207261 | B5: D(8-р анги) II-I | C5: Буянт сумын сургууль | D5: Энхзаяа | E5: Төвсайхан | F5: 8-р анги | G5: а | H5: =VLOOKUP($A5,Day2!$A$1:$H$400,4,FALSE()) -> 0 | I5: =VLOOKUP($A5,Day2!$A$1:$H$400,5,FALSE()) -> 0 | J5: =VLOOKUP($A5,Day2!$A$1:$H$400,6,FALSE()) -> 0 | K5: =VLOOKUP($A5,Day2!$A$1:$H$400,7,FALSE()) -> 7 | L5: =SUM(G5:K5) -> 7 | M5: =ROMAN(RANK(L5,$L$4:$L$54,0)) -> II
A6: 110302 | B6: D(8-р анги) II-I | C6: Жаргалант сумын 1-р сургууль | D6: Хонгорзул | E6: Идэр | F6: 8-р анги | G6: а | H6: =VLOOKUP($A6,Day2!$A$1:$H$400,4,FALSE()) -> 0 | I6: =VLOOKUP($A6,Day2!$A$1:$H$400,5,FALSE()) -> 6 | J6: =VLOOKUP($A6,Day2!$A$1:$H$400,6,FALSE()) -> 0 | K6: =VLOOKUP($A6,Day2!$A$1:$H$400,7,FALSE()) -> 0 | L6: =SUM(G6:K6) -> 6 | M6: =ROMAN(RANK(L6,$L$4:$L$54,0)) -> III
A7: 72374 | B7: D(8-р анги) II-I | C7: Жаргалант сумын Цаст-Алтай сургууль | D7: Аззаяа | E7: Баасанжав | F7: 8-р анги | G7: в | H7: =VLOOKUP($A7,Day2!$A$1:$H$400,4,FALSE()) -> 0 | I7: =VLOOKUP($A7,Day2!$A$1:$H$400,5,FALSE()) -> 0 | J7: =VLOOKUP($A7,Day2!$A$1:$H$400,6,FALSE()) -> 5 | K7: =VLOOKUP($A7,Day2!$A$1:$H$400,7,FALSE()) -> 0 | L7: =SUM(G7:K7) -> 5 | M7: =ROMAN(RANK(L7,$L$4:$L$54,0)) -> IV
A8: 72378 | B8: D(8-р анги) II-I | C8: Жаргалант сумын Цаст-Алтай сургууль | D8: Анхилуун | E8: Доржпүрэв | F8: 8-р анги | G8: г | H8: =VLOOKUP($A8,Day2!$A$1:$H$400,4,FALSE()) -> 0 | I8: =VLOOKUP($A8,Day2!$A$1:$H$400,5,FALSE()) -> 0 | J8: =VLOOKUP($A8,Day2!$A$1:$H$400,6,FALSE()) -> 5 | K8: =VLOOKUP($A8,Day2!$A$1:$H$400,7,FALSE()) -> 0 | L8: =SUM(G8:K8) -> 5 | M8: =ROMAN(RANK(L8,$L$4:$L$54,0)) -> IV
A9: 83902 | B9: D(8-р анги) II-I | C9: Жаргалант сумын Прогресс сургууль | D9: Соёлтогтох | E9: Баттулга | F9: 8-р анги | G9: г | H9: =VLOOKUP($A9,Day2!$A$1:$H$400,4,FALSE()) -> 1 | I9: =VLOOKUP($A9,Day2!$A$1:$H$400,5,FALSE()) -> 0 | J9: =VLOOKUP($A9,Day2!$A$1:$H$400,6,FALSE()) -> 2 | K9: =VLOOKUP($A9,Day2!$A$1:$H$400,7,FALSE()) -> 0 | L9: =SUM(G9:K9) -> 3 | M9: =ROMAN(RANK(L9,$L$4:$L$54,0)) -> VI
A10: 110920 | B10: D(8-р анги) II-I | C10: Алтай сумын сургууль | D10: Энгүүн | E10: Дэлгэр | F10: 8-р анги | G10: б | H10: =VLOOKUP($A10,Day2!$A$1:$H$400,4,FALSE()) -> 2 | I10: =VLOOKUP($A10,Day2!$A$1:$H$400,5,FALSE()) -> 0 | J10: =VLOOKUP($A10,Day2!$A$1:$H$400,6,FALSE()) -> 0 | K10: =VLOOKUP($A10,Day2!$A$1:$H$400,7,FALSE()) -> 0 | L10: =SUM(G10:K10) -> 2 | M10: =ROMAN(RANK(L10,$L$4:$L$54,0)) -> VII
A11: 72372 | B11: D(8-р анги) II-I | C11: Жаргалант сумын Цаст-Алтай сургууль | D11: Ариунцэцэг | E11: Ганцоож | F11: 8-р анги | G11: г | H11: =VLOOKUP($A11,Day2!$A$1:$H$400,4,FALSE()) -> 2 | I11: =VLOOKUP($A11,Day2!$A$1:$H$400,5,FALSE()) -> 0 | J11: =VLOOKUP($A11,Day2!$A$1:$H$400,6,FALSE()) -> 0 | K11: =VLOOKUP($A11,Day2!$A$1:$H$400,7,FALSE()) -> 0 | L11: =SUM(G11:K11) -> 2 | M11: =ROMAN(RANK(L11,$L$4:$L$54,0)) -> VII
A12: 136384 | B12: D(8-р анги) II-I | C12: Жаргалант сумын Цаст-Алтай сургууль | D12: Мягмарсүрэн | E12: Отгоншар | F12: 8-р анги | G12: г | H12: =VLOOKUP($A12,Day2!$A$1:$H$400,4,FALSE()) -> 2 | I12: =VLOOKUP($A12,Day2!$A$1:$H$400,5,FALSE()) -> 0 | J12: =VLOOKUP($A12,Day2!$A$1:$H$400,6,FALSE()) -> 0 | K12: =VLOOKUP($A12,Day2!$A$1:$H$400,7,FALSE()) -> 0 | L12: =SUM(G12:K12) -> 2 | M12: =ROMAN(RANK(L12,$L$4:$L$54,0)) -> VII
A13: 6061 | B13: D(8-р анги) II-I | C13: Жаргалант сумын Прогресс сургууль | D13: Цэцэгбал | E13: Цэнд-Аюуш | F13: 8-р анги | G13: г | H13: =VLOOKUP($A13,Day2!$A$1:$H$400,4,FALSE()) -> 2 | I13: =VLOOKUP($A13,Day2!$A$1:$H$400,5,FALSE()) -> 0 | J13: =VLOOKUP($A13,Day2!$A$1:$H$400,6,FALSE()) -> 0 | K13: =VLOOKUP($A13,Day2!$A$1:$H$400,7,FALSE()) -> 0 | L13: =SUM(G13:K13) -> 2 | M13: =ROMAN(RANK(L13,$L$4:$L$54,0)) -> VII
A14: 111048 | B14: D(8-р анги) II-I | C14: Буянт сумын сургууль | D14: Ялгуунсар | E14: Баасандорж | F14: 8-р анги | G14: б | H14: =VLOOKUP($A14,Day2!$A$1:$H$400,4,FALSE()) -> 1 | I14: =VLOOKUP($A14,Day2!$A$1:$H$400,5,FALSE()) -> 0 | J14: =VLOOKUP($A14,Day2!$A$1:$H$400,6,FALSE()) -> 0 | K14: =VLOOKUP($A14,Day2!$A$1:$H$400,7,FALSE()) -> 0 | L14: =SUM(G14:K14) -> 1 | M14: =ROMAN(RANK(L14,$L$4:$L$54,0)) -> XI
A15: 118416 | B15: D(8-р анги) II-I | C15: Жаргалант сумын Прогресс сургууль | D15: Энхжин | E15: Гантулга | F15: 8-р анги | G15: г | H15: =VLOOKUP($A15,Day2!$A$1:$H$400,4,FALSE()) -> 0 | I15: =VLOOKUP($A15,Day2!$A$1:$H$400,5,FALSE()) -> 0 | J15: =VLOOKUP($A15,Day2!$A$1:$H$400,6,FALSE()) -> 0 | K15: =VLOOKUP($A15,Day2!$A$1:$H$400,7,FALSE()) -> 1 | L15: =SUM(G15:K15) -> 1 | M15: =ROMAN(RANK(L15,$L$4:$L$54,0)) -> XI
... A35: 185342 | B35: D(8-р анги) II-I | C35: Жаргалант сумын Прогресс сургууль | D35: Үжин | E35: Б | F35: 8-р анги | G35: г | H35: =VLOOKUP($A35,Day2!$A$1:$H$400,4,FALSE()) -> 0 | I35: =VLOOKUP($A35,Day2!$A$1:$H$400,5,FALSE()) -> 0 | J35: =VLOOKUP($A35,Day2!$A$1:$H$400,6,FALSE()) -> 0 | K35: =VLOOKUP($A35,Day2!$A$1:$H$400,7,FALSE()) -> 0 | L35: =SUM(G35:K35) -> 0 | M35: =ROMAN(RANK(L35,$L$4:$L$54,0)) -> XIII
A36: 185346 | B36: D(8-р анги) II-I | C36: Жаргалант сумын Прогресс сургууль | D36: Энхсувд | E36: Амарсайхан | F36: 8-р анги | G36: г | L36: =SUM(G36:K36) -> 0 | M36: =ROMAN(RANK(L36,$L$4:$L$54,0)) -> XIII
A37: 72328 | B37: D(8-р анги) II-I | C37: Жаргалант сумын Цаст-Алтай сургууль | D37: Наранбаяр | E37: Эрдэнэ-Очир | F37: 8-р анги | G37: г | H37: =VLOOKUP($A37,Day2!$A$1:$H$400,4,FALSE()) -> 0 | I37: =VLOOKUP($A37,Day2!$A$1:$H$400,5,FALSE()) -> 0 | J37: =VLOOKUP($A37,Day2!$A$1:$H$400,6,FALSE()) -> 0 | K37: =VLOOKUP($A37,Day2!$A$1:$H$400,7,FALSE()) -> 0 | L37: =SUM(G37:K37) -> 0 | M37: =ROMAN(RANK(L37,$L$4:$L$54,0)) -> XIII
A38: 88983 | B38: D(8-р анги) II-I | C38: Жаргалант сумын 6-р сургууль | D38: Энхрий | E38: Ганболор | F38: 8-р анги | G38: в | H38: =VLOOKUP($A38,Day2!$A$1:$H$400,4,FALSE()) -> 0 | I38: =VLOOKUP($A38,Day2!$A$1:$H$400,5,FALSE()) -> 0 | J38: =VLOOKUP($A38,Day2!$A$1:$H$400,6,FALSE()) -> 0 | K38: =VLOOKUP($A38,Day2!$A$1:$H$400,7,FALSE()) -> 0 | L38: =SUM(G38:K38) -> 0 | M38: =ROMAN(RANK(L38,$L$4:$L$54,0)) -> XIII
A39: 72495 | B39: D(8-р анги) II-I | C39: Жаргалант сумын Цаст-Алтай сургууль | D39: Ангараг | E39: Мөнгөншагай | F39: 8-р анги | G39: б | H39: =VLOOKUP($A39,Day2!$A$1:$H$400,4,FALSE()) -> 0 | I39: =VLOOKUP($A39,Day2!$A$1:$H$400,5,FALSE()) -> 0 | J39: =VLOOKUP($A39,Day2!$A$1:$H$400,6,FALSE()) -> 0 | K39: =VLOOKUP($A39,Day2!$A$1:$H$400,7,FALSE()) -> 0 | L39: =SUM(G39:K39) -> 0 | M39: =ROMAN(RANK(L39,$L$4:$L$54,0)) -> XIII
A40: 74034 | B40: D(8-р анги) II-I | C40: Жаргалант сумын Цаст-Алтай сургууль | D40: Мөнхбадрал | E40: Ачлалт | F40: 8-р анги | G40: а | L40: =SUM(G40:K40) -> 0 | M40: =ROMAN(RANK(L40,$L$4:$L$54,0)) -> XIII
A41: 74035 | B41: D(8-р анги) II-I | C41: Жаргалант сумын Цаст-Алтай сургууль | D41: Оргил | E41: Батчулуун | F41: 8-р анги | G41: а | L41: =SUM(G41:K41) -> 0 | M41: =ROMAN(RANK(L41,$L$4:$L$54,0)) -> XIII
A42: 187776 | B42: D(8-р анги) II-I | C42: Жаргалант сумын Цаст-Алтай сургууль | D42: Алтжин | E42: Нямдаваа | F42: 8-р анги | G42: а | H42: =VLOOKUP($A42,Day2!$A$1:$H$400,4,FALSE()) -> 0 | I42: =VLOOKUP($A42,Day2!$A$1:$H$400,5,FALSE()) -> 0 | J42: =VLOOKUP($A42,Day2!$A$1:$H$400,6,FALSE()) -> 0 | K42: =VLOOKUP($A42,Day2!$A$1:$H$400,7,FALSE()) -> 0 | L42: =SUM(G42:K42) -> 0 | M42: =ROMAN(RANK(L42,$L$4:$L$54,0)) -> XIII
A43: 187800 | B43: D(8-р анги) II-I | C43: Жаргалант сумын Цаст-Алтай сургууль | D43: Ариунзаяа | E43: Баттулга | F43: 8-р анги | G43: а | H43: =VLOOKUP($A43,Day2!$A$1:$H$400,4,FALSE()) -> 0 | I43: =VLOOKUP($A43,Day2!$A$1:$H$400,5,FALSE()) -> 0 | J43: =VLOOKUP($A43,Day2!$A$1:$H$400,6,FALSE()) -> 0 | K43: =VLOOKUP($A43,Day2!$A$1:$H$400,7,FALSE()) -> 0 | L43: =SUM(G43:K43) -> 0 | M43: =ROMAN(RANK(L43,$L$4:$L$54,0)) -> XIII
A44: 88984 | B44: D(8-р анги) II-I | C44: Жаргалант сумын 6-р сургууль | D44: Ганзаяа | E44: Бат-Эрдэнэ | F44: 8-р анги | G44: в | H44: =VLOOKUP($A44,Day2!$A$1:$H$400,4,FALSE()) -> 0 | I44: =VLOOKUP($A44,Day2!$A$1:$H$400,5,FALSE()) -> 0 | J44: =VLOOKUP($A44,Day2!$A$1:$H$400,6,FALSE()) -> 0 | K44: =VLOOKUP($A44,Day2!$A$1:$H$400,7,FALSE()) -> 0 | L44: =SUM(G44:K44) -> 0 | M44: =ROMAN(RANK(L44,$L$4:$L$54,0)) -> XIII
A45: 124324 | B45: D(8-р анги) II-I | C45: Жаргалант сумын 6-р сургууль | D45: Аньс | E45: Алтанхуяг | F45: 8-р анги | G45: в | H45: =VLOOKUP($A45,Day2!$A$1:$H$400,4,FALSE()) -> 0 | I45: =VLOOKUP($A45,Day2!$A$1:$H$400,5,FALSE()) -> 0 | J45: =VLOOKUP($A45,Day2!$A$1:$H$400,6,FALSE()) -> 0 | K45: =VLOOKUP($A45,Day2!$A$1:$H$400,7,FALSE()) -> 0 | L45: =SUM(G45:K45) -> 0 | M45: =ROMAN(RANK(L45,$L$4:$L$54,0)) -> XIII
A46: 161745 | B46: D(8-р анги) II-I | C46: Жаргалант сумын 6-р сургууль | D46: Болормаа | E46: Цагаач | F46: 8-р анги | G46: б | H46: =VLOOKUP($A46,Day2!$A$1:$H$400,4,FALSE()) -> 0 | I46: =VLOOKUP($A46,Day2!$A$1:$H$400,5,FALSE()) -> 0 | J46: =VLOOKUP($A46,Day2!$A$1:$H$400,6,FALSE()) -> 0 | K46: =VLOOKUP($A46,Day2!$A$1:$H$400,7,FALSE()) -> 0 | L46: =SUM(G46:K46) -> 0 | M46: =ROMAN(RANK(L46,$L$4:$L$54,0)) -> XIII
A47: 111183 | B47: D(8-р анги) II-I | C47: Жаргалант сумын 7-р сургууль | D47: Азжаргал | E47: Мөнхөө | F47: 8-р анги | G47: д | H47: =VLOOKUP($A47,Day2!$A$1:$H$400,4,FALSE()) -> 0 | I47: =VLOOKUP($A47,Day2!$A$1:$H$400,5,FALSE()) -> 0 | J47: =VLOOKUP($A47,Day2!$A$1:$H$400,6,FALSE()) -> 0 | K47: =VLOOKUP($A47,Day2!$A$1:$H$400,7,FALSE()) -> 0 | L47: =SUM(G47:K47) -> 0 | M47: =ROMAN(RANK(L47,$L$4:$L$54,0)) -> XIII
A48: 83897 | B48: D(8-р анги) II-I | C48: Жаргалант сумын Прогресс сургууль | D48: Марал | E48: Батмонгол | F48: 8-р анги | G48: г | H48: =VLOOKUP($A48,Day2!$A$1:$H$400,4,FALSE()) -> 0 | I48: =VLOOKUP($A48,Day2!$A$1:$H$400,5,FALSE()) -> 0 | J48: =VLOOKUP($A48,Day2!$A$1:$H$400,6,FALSE()) -> 0 | K48: =VLOOKUP($A48,Day2!$A$1:$H$400,7,FALSE()) -> 0 | L48: =SUM(G48:K48) -> 0 | M48: =ROMAN(RANK(L48,$L$4:$L$54,0)) -> XIII
A49: 83901 | B49: D(8-р анги) II-I | C49: Жаргалант сумын Прогресс сургууль | D49: Отгонболор | E49: Баттөмөр | F49: 8-р анги | G49: г | H49: =VLOOKUP($A49,Day2!$A$1:$H$400,4,FALSE()) -> 0 | I49: =VLOOKUP($A49,Day2!$A$1:$H$400,5,FALSE()) -> 0 | J49: =VLOOKUP($A49,Day2!$A$1:$H$400,6,FALSE()) -> 0 | K49: =VLOOKUP($A49,Day2!$A$1:$H$400,7,FALSE()) -> 0 | L49: =SUM(G49:K49) -> 0 | M49: =ROMAN(RANK(L49,$L$4:$L$54,0)) -> XIII
A50: 187822 | B50: D(8-р анги) II-I | C50: Жаргалант сумын Цаст-Алтай сургууль | D50: Намуунзаяа | E50: Амартүвшин | F50: 8-р анги | G50: а | H50: =VLOOKUP($A50,Day2!$A$1:$H$400,4,FALSE()) -> 0 | I50: =VLOOKUP($A50,Day2!$A$1:$H$400,5,FALSE()) -> 0 | J50: =VLOOKUP($A50,Day2!$A$1:$H$400,6,FALSE()) -> 0 | K50: =VLOOKUP($A50,Day2!$A$1:$H$400,7,FALSE()) -> 0 | L50: =SUM(G50:K50) -> 0 | M50: =ROMAN(RANK(L50,$L$4:$L$54,0)) -> XIII
A51: 109008 | B51: D(8-р анги) II-I | C51: Үенч сумын сургууль | D51: Одмаа | E51: Отгонбаяр | F51: 8-р анги | G51: а | H51: =VLOOKUP($A51,Day2!$A$1:$H$400,4,FALSE()) -> 0 | I51: =VLOOKUP($A51,Day2!$A$1:$H$400,5,FALSE()) -> 0 | J51: =VLOOKUP($A51,Day2!$A$1:$H$400,6,FALSE()) -> 0 | K51: =VLOOKUP($A51,Day2!$A$1:$H$400,7,FALSE()) -> 0 | L51: =SUM(G51:K51) -> 0 | M51: =ROMAN(RANK(L51,$L$4:$L$54,0)) -> XIII
A52: 126050 | B52: D(8-р анги) II-I | C52: Цэцэг сумын сургууль | D52: Батбаян | E52: Сүхбаатар | F52: 8-р анги | G52: б | H52: =VLOOKUP($A52,Day2!$A$1:$H$400,4,FALSE()) -> 0 | I52: =VLOOKUP($A52,Day2!$A$1:$H$400,5,FALSE()) -> 0 | J52: =VLOOKUP($A52,Day2!$A$1:$H$400,6,FALSE()) -> 0 | K52: =VLOOKUP($A52,Day2!$A$1:$H$400,7,FALSE()) -> 0 | L52: =SUM(G52:K52) -> 0 | M52: =ROMAN(RANK(L52,$L$4:$L$54,0)) -> XIII
A53: 126053 | B53: D(8-р анги) II-I | C53: Цэцэг сумын сургууль | D53: Ганням | E53: Ганбат | F53: 8-р анги | G53: б | H53: =VLOOKUP($A53,Day2!$A$1:$H$400,4,FALSE()) -> 0 | I53: =VLOOKUP($A53,Day2!$A$1:$H$400,5,FALSE()) -> 0 | J53: =VLOOKUP($A53,Day2!$A$1:$H$400,6,FALSE()) -> 0 | K53: =VLOOKUP($A53,Day2!$A$1:$H$400,7,FALSE()) -> 0 | L53: =SUM(G53:K53) -> 0 | M53: =ROMAN(RANK(L53,$L$4:$L$54,0)) -> XIII
... A61: 187899 | B61: D(8-р анги) II-I | C61: Жаргалант сумын Цаст-Алтай сургууль | D61: Аминзаяа | E61: Пүрэвжамц | F61: 8-р анги | G61: г | H61: =VLOOKUP($A61,Day2!$A$1:$H$400,4,FALSE()) -> 0 | I61: =VLOOKUP($A61,Day2!$A$1:$H$400,5,FALSE()) -> 0 | J61: =VLOOKUP($A61,Day2!$A$1:$H$400,6,FALSE()) -> 0 | K61: =VLOOKUP($A61,Day2!$A$1:$H$400,7,FALSE()) -> 0 | L61: =SUM(G61:K61) -> 0 | M61: =ROMAN(RANK(L61,$L$4:$L$54,0)) -> XIII
A63: Олимпиадыг авсан багш: А.Уламбаяр, Б.Хоролсүрэн, С.Чанцалмаа
A65: Олимпиадыгзассан багш: Ц.Бадамханд, З.Батсүлд, Б.Ганбаяр, Х.Онгорбай

Sheet 9-р анги
A1: МОНГОЛЫН МАТЕМАТИКИЙН 62-Р ОЛИМПИАД
A2: 46005 | K2: 9 ДҮГЭЭР АНГИ
A3: ID | B3: Ангилал | C3: Сургууль | D3: Нэр | E3: Овог | F3: Анги | G3: Бүлэг | H3: Бод-1 | I3: Бод-2 | J3: Бод-3 | K3: Бод-4 | L3: Бод-5 | M3: Бод-6 | N3: НИЙТ оноо | O3: Эзэлсэн байр
A4: 64385 | B4: E(9-р анги) II-I | C4: Жаргалант сумын 6-р сургууль | D4: Алтангэрэл | E4: Энхбат | F4: 9-р анги | G4: а | H4: =VLOOKUP($A4,Day1!$A$1:$H$394,4,FALSE()) -> 7 | I4: =VLOOKUP($A4,Day1!$A$1:$H$394,5,FALSE()) -> 2 | J4: =VLOOKUP($A4,Day1!$A$1:$H$394,6,FALSE()) -> 0 | K4: =VLOOKUP($A4,Day2!$A$1:$H$400,4,FALSE()) -> 7 | L4: =VLOOKUP($A4,Day2!$A$1:$H$400,5,FALSE()) -> 0 | M4: =VLOOKUP($A4,Day2!$A$1:$H$400,6,FALSE()) -> 0 | N4: =SUM(H4:K4) -> 16 | O4: =ROMAN(RANK(N4,$N$4:$N$28,0)) -> I
A5: 118504 | B5: E(9-р анги) II-I | C5: Цэцэг сумын сургууль | D5: Баяржавхлан | E5: Болдбаатар | F5: 9-р анги | G5: б | H5: =VLOOKUP($A5,Day1!$A$1:$H$394,4,FALSE()) -> 7 | I5: =VLOOKUP($A5,Day1!$A$1:$H$394,5,FALSE()) -> 4 | J5: =VLOOKUP($A5,Day1!$A$1:$H$394,6,FALSE()) -> 0 | K5: =VLOOKUP($A5,Day2!$A$1:$H$400,4,FALSE()) -> 1 | L5: =VLOOKUP($A5,Day2!$A$1:$H$400,5,FALSE()) -> 0 | M5: =VLOOKUP($A5,Day2!$A$1:$H$400,6,FALSE()) -> 0 | N5: =SUM(H5:K5) -> 12 | O5: =ROMAN(RANK(N5,$N$4:$N$28,0)) -> II
A6: 83942 | B6: E(9-р анги) II-I | C6: Жаргалант сумын Прогресс сургууль | D6: Өлзий-Орших | E6: Баярсайхан | F6: 9-р анги | G6: г | H6: =VLOOKUP($A6,Day1!$A$1:$H$394,4,FALSE()) -> 7 | I6: =VLOOKUP($A6,Day1!$A$1:$H$394,5,FALSE()) -> 3 | J6: =VLOOKUP($A6,Day1!$A$1:$H$394,6,FALSE()) -> 0 | K6: =VLOOKUP($A6,Day2!$A$1:$H$400,4,FALSE()) -> 1.5 | L6: =VLOOKUP($A6,Day2!$A$1:$H$400,5,FALSE()) -> 0 | M6: =VLOOKUP($A6,Day2!$A$1:$H$400,6,FALSE()) -> 0 | N6: =SUM(H6:K6) -> 11.5 | O6: =ROMAN(RANK(N6,$N$4:$N$28,0)) -> III
A7: 124360 | B7: E(9-р анги) II-I | C7: Жаргалант сумын Прогресс сургууль | D7: Дүүрэнжаргал | E7: Буяндэлгэр | F7: 9-р анги | G7: г | H7: =VLOOKUP($A7,Day1!$A$1:$H$394,4,FALSE()) -> 7 | I7: =VLOOKUP($A7,Day1!$A$1:$H$394,5,FALSE()) -> 3 | J7: =VLOOKUP($A7,Day1!$A$1:$H$394,6,FALSE()) -> 0 | K7: =VLOOKUP($A7,Day2!$A$1:$H$400,4,FALSE()) -> 1 | L7: =VLOOKUP($A7,Day2!$A$1:$H$400,5,FALSE()) -> 0 | M7: =VLOOKUP($A7,Day2!$A$1:$H$400,6,FALSE()) -> 0 | N7: =SUM(H7:K7) -> 11 | O7: =ROMAN(RANK(N7,$N$4:$N$28,0)) -> IV
A8: 111565 | B8: E(9-р анги) II-I | C8: Буянт сумын сургууль | D8: Алтынбек | E8: Асембай | F8: 9-р анги | G8: б | H8: =VLOOKUP($A8,Day1!$A$1:$H$394,4,FALSE()) -> 3 | I8: =VLOOKUP($A8,Day1!$A$1:$H$394,5,FALSE()) -> 2 | J8: =VLOOKUP($A8,Day1!$A$1:$H$394,6,FALSE()) -> 0 | K8: =VLOOKUP($A8,Day2!$A$1:$H$400,4,FALSE()) -> 6 | L8: =VLOOKUP($A8,Day2!$A$1:$H$400,5,FALSE()) -> 0 | M8: =VLOOKUP($A8,Day2!$A$1:$H$400,6,FALSE()) -> 0 | N8: =SUM(H8:K8) -> 11 | O8: =ROMAN(RANK(N8,$N$4:$N$28,0)) -> IV
A9: 72425 | B9: E(9-р анги) II-I | C9: Жаргалант сумын Цаст-Алтай сургууль | D9: Алтан-Од | E9: Алтанзаяа | F9: 9-р анги | G9: г | H9: =VLOOKUP($A9,Day1!$A$1:$H$394,4,FALSE()) -> 7 | I9: =VLOOKUP($A9,Day1!$A$1:$H$394,5,FALSE()) -> 2 | J9: =VLOOKUP($A9,Day1!$A$1:$H$394,6,FALSE()) -> 0 | K9: =VLOOKUP($A9,Day2!$A$1:$H$400,4,FALSE()) -> 1 | L9: =VLOOKUP($A9,Day2!$A$1:$H$400,5,FALSE()) -> 0 | M9: =VLOOKUP($A9,Day2!$A$1:$H$400,6,FALSE()) -> 0 | N9: =SUM(H9:K9) -> 10 | O9: =ROMAN(RANK(N9,$N$4:$N$28,0)) -> VI
A10: 118142 | B10: E(9-р анги) II-I | C10: Жаргалант сумын 1-р сургууль | D10: Баттөгөлдөр | E10: Цоожхүү | F10: 9-р анги | G10: д | H10: =VLOOKUP($A10,Day1!$A$1:$H$394,4,FALSE()) -> 7 | I10: =VLOOKUP($A10,Day1!$A$1:$H$394,5,FALSE()) -> 3 | J10: =VLOOKUP($A10,Day1!$A$1:$H$394,6,FALSE()) -> 0 | K10: =VLOOKUP($A10,Day2!$A$1:$H$400,4,FALSE()) -> 0 | L10: =VLOOKUP($A10,Day2!$A$1:$H$400,5,FALSE()) -> 0 | M10: =VLOOKUP($A10,Day2!$A$1:$H$400,6,FALSE()) -> 0 | N10: =SUM(H10:K10) -> 10 | O10: =ROMAN(RANK(N10,$N$4:$N$28,0)) -> VI
A11: 185840 | B11: E(9-р анги) II-I | C11: Жаргалант сумын 1-р сургууль | D11: Баяржаргал | E11: Олзжаргал | F11: 9-р анги | G11: а | H11: =VLOOKUP($A11,Day1!$A$1:$H$394,4,FALSE()) -> 7 | I11: =VLOOKUP($A11,Day1!$A$1:$H$394,5,FALSE()) -> 2 | J11: =VLOOKUP($A11,Day1!$A$1:$H$394,6,FALSE()) -> 0 | K11: =VLOOKUP($A11,Day2!$A$1:$H$400,4,FALSE()) -> 1 | L11: =VLOOKUP($A11,Day2!$A$1:$H$400,5,FALSE()) -> 0 | M11: =VLOOKUP($A11,Day2!$A$1:$H$400,6,FALSE()) -> 0 | N11: =SUM(H11:K11) -> 10 | O11: =ROMAN(RANK(N11,$N$4:$N$28,0)) -> VI
A12: 60958 | B12: E(9-р анги) II-I | C12: Үенч сумын сургууль | D12: Бямба-Очир | E12: Ариунболд | F12: 9-р анги | G12: б | H12: =VLOOKUP($A12,Day1!$A$1:$H$394,4,FALSE()) -> 7 | I12: =VLOOKUP($A12,Day1!$A$1:$H$394,5,FALSE()) -> 2 | J12: =VLOOKUP($A12,Day1!$A$1:$H$394,6,FALSE()) -> 0 | K12: =VLOOKUP($A12,Day2!$A$1:$H$400,4,FALSE()) -> 0 | L12: =VLOOKUP($A12,Day2!$A$1:$H$400,5,FALSE()) -> 0 | M12: =VLOOKUP($A12,Day2!$A$1:$H$400,6,FALSE()) -> 0 | N12: =SUM(H12:K12) -> 9 | O12: =ROMAN(RANK(N12,$N$4:$N$28,0)) -> IX
A13: 58142 | B13: E(9-р анги) II-I | C13: Жаргалант сумын 2-р сургууль | D13: Анхбаяр | E13: Батцоож | F13: 9-р анги | G13: б | H13: =VLOOKUP($A13,Day1!$A$1:$H$394,4,FALSE()) -> 7 | I13: =VLOOKUP($A13,Day1!$A$1:$H$394,5,FALSE()) -> 2 | J13: =VLOOKUP($A13,Day1!$A$1:$H$394,6,FALSE()) -> 0 | K13: =VLOOKUP($A13,Day2!$A$1:$H$400,4,FALSE()) -> 0 | L13: =VLOOKUP($A13,Day2!$A$1:$H$400,5,FALSE()) -> 0 | M13: =VLOOKUP($A13,Day2!$A$1:$H$400,6,FALSE()) -> 0 | N13: =SUM(H13:K13) -> 9 | O13: =ROMAN(RANK(N13,$N$4:$N$28,0)) -> IX
A14: 97542 | B14: E(9-р анги) II-I | C14: Жаргалант сумын Цаст-Алтай сургууль | D14: Нурбулан | E14: Бахатбол | F14: 9-р анги | G14: в | H14: =VLOOKUP($A14,Day1!$A$1:$H$394,4,FALSE()) -> 7 | I14: =VLOOKUP($A14,Day1!$A$1:$H$394,5,FALSE()) -> 2 | J14: =VLOOKUP($A14,Day1!$A$1:$H$394,6,FALSE()) -> 0 | K14: =VLOOKUP($A14,Day2!$A$1:$H$400,4,FALSE()) -> 0 | L14: =VLOOKUP($A14,Day2!$A$1:$H$400,5,FALSE()) -> 0 | M14: =VLOOKUP($A14,Day2!$A$1:$H$400,6,FALSE()) -> 0 | N14: =SUM(H14:K14) -> 9 | O14: =ROMAN(RANK(N14,$N$4:$N$28,0)) -> IX
A15: 114590 | B15: E(9-р анги) II-I | C15: Булган сумын Минжит Булган сургууль | D15: Мягмарпагдан | E15: Анхбаяр | F15: 9-р анги | G15: в | H15: =VLOOKUP($A15,Day1!$A$1:$H$394,4,FALSE()) -> 7 | I15: =VLOOKUP($A15,Day1!$A$1:$H$394,5,FALSE()) -> 0 | J15: =VLOOKUP($A15,Day1!$A$1:$H$394,6,FALSE()) -> 0 | K15: =VLOOKUP($A15,Day2!$A$1:$H$400,4,FALSE()) -> 0 | L15: =VLOOKUP($A15,Day2!$A$1:$H$400,5,FALSE()) -> 0 | M15: =VLOOKUP($A15,Day2!$A$1:$H$400,6,FALSE()) -> 0 | N15: =SUM(H15:K15) -> 7 | O15: =ROMAN(RANK(N15,$N$4:$N$28,0)) -> XII
... A28: 109385 | B28: E(9-р анги) II-I | C28: Эрдэнэбүрэн сумын сургууль | D28: Батбаяр | E28: Чагнаадорж | F28: 9-р анги | G28: а | H28: =VLOOKUP($A28,Day1!$A$1:$H$394,4,FALSE()) -> 0 | I28: =VLOOKUP($A28,Day1!$A$1:$H$394,5,FALSE()) -> 0 | J28: =VLOOKUP($A28,Day1!$A$1:$H$394,6,FALSE()) -> 0 | K28: =VLOOKUP($A28,Day2!$A$1:$H$400,4,FALSE()) -> 0 | L28: =VLOOKUP($A28,Day2!$A$1:$H$400,5,FALSE()) -> 0 | M28: =VLOOKUP($A28,Day2!$A$1:$H$400,6,FALSE()) -> 0 | N28: =SUM(H28:K28) -> 0 | O28: =ROMAN(RANK(N28,$N$4:$N$28,0)) -> XIX
A31: Олимпиадыг авсан багш: Д.Чинзориг, Э.Эрдэнэсүрэн, Б.Нямжав
A33: Олимпиадыгзассан багш: Б.Эркехулан, Б.Анхбаяр, Анхцооз

Sheet 10-р анги Нэгтгэл
A1: МОНГОЛЫН МАТЕМАТИКИЙН 62-Р ОЛИМПИАД
A2: 46005 | K2: 10 ДУГААР АНГИ
A3: ID | B3: Ангилал | C3: Сургууль | D3: Нэр | E3: Овог | F3: Анги | G3: Бүлэг | H3: Бод-1 | I3: Бод-2 | J3: Бод-3 | K3: Бод-4 | L3: Бод-5 | M3: Бод-6 | N3: НИЙТ оноо | O3: Эзэлсэн байр
A4: 81407 | B4: E(10-р анги) II-I | C4: Жаргалант сумын Прогресс сургууль | D4: Төгсжаргал | E4: Сэр-Од | F4: 10-р анги | G4: г | H4: =VLOOKUP($A4,Day1!$A$1:$H$394,4,FALSE()) -> 7 | I4: =VLOOKUP($A4,Day1!$A$1:$H$394,5,FALSE()) -> 7 | J4: =VLOOKUP($A4,Day1!$A$1:$H$394,6,FALSE()) -> 0 | K4: =VLOOKUP($A4,'10-р анги өдөр-2'!$F$3:$K$43,4,FALSE()) -> 6 | L4: =VLOOKUP($A4,'10-р анги өдөр-2'!$F$3:$K$43,5,FALSE()) -> 0 | M4: =VLOOKUP($A4,'10-р анги өдөр-2'!$F$3:$K$43,6,FALSE()) -> 7 | N4: =SUM(H4:M4) -> 27 | O4: =ROMAN(RANK(N4,$N$4:$N$44,0)) -> I
A5: 81436 | B5: E(10-р анги) II-I | C5: Жаргалант сумын Прогресс сургууль | D5: Тэмүүжин | E5: Энхболд | F5: 10-р анги | G5: г | H5: =VLOOKUP($A5,Day1!$A$1:$H$394,4,FALSE()) -> 7 | I5: =VLOOKUP($A5,Day1!$A$1:$H$394,5,FALSE()) -> 3 | J5: =VLOOKUP($A5,Day1!$A$1:$H$394,6,FALSE()) -> 0 | K5: =VLOOKUP($A5,'10-р анги өдөр-2'!$F$3:$K$43,4,FALSE()) -> 0 | L5: =VLOOKUP($A5,'10-р анги өдөр-2'!$F$3:$K$43,5,FALSE()) -> 0 | M5: =VLOOKUP($A5,'10-р анги өдөр-2'!$F$3:$K$43,6,FALSE()) -> 7 | N5: =SUM(H5:M5) -> 17 | O5: =ROMAN(RANK(N5,$N$4:$N$44,0)) -> II
A6: 111815 | B6: E(10-р анги) II-I | C6: Жаргалант сумын 1-р сургууль | D6: Түвшинтөгс | E6: Нямгэрэл | F6: 10-р анги | G6: б | H6: =VLOOKUP($A6,Day1!$A$1:$H$394,4,FALSE()) -> 7 | I6: =VLOOKUP($A6,Day1!$A$1:$H$394,5,FALSE()) -> 2 | J6: =VLOOKUP($A6,Day1!$A$1:$H$394,6,FALSE()) -> 0 | K6: =VLOOKUP($A6,'10-р анги өдөр-2'!$F$3:$K$43,4,FALSE()) -> 6 | L6: =VLOOKUP($A6,'10-р анги өдөр-2'!$F$3:$K$43,5,FALSE()) -> 0 | M6: =VLOOKUP($A6,'10-р анги өдөр-2'!$F$3:$K$43,6,FALSE()) -> 0 | N6: =SUM(H6:M6) -> 15 | O6: =ROMAN(RANK(N6,$N$4:$N$44,0)) -> III
A7: 72371 | B7: E(10-р анги) II-I | C7: Жаргалант сумын Цаст-Алтай сургууль | D7: Азбаяр | E7: Баасанжав | F7: 10-р анги | G7: б | H7: =VLOOKUP($A7,Day1!$A$1:$H$394,4,FALSE()) -> 7 | I7: =VLOOKUP($A7,Day1!$A$1:$H$394,5,FALSE()) -> 4 | J7: =VLOOKUP($A7,Day1!$A$1:$H$394,6,FALSE()) -> 0 | K7: =VLOOKUP($A7,'10-р анги өдөр-2'!$F$3:$K$43,4,FALSE()) -> 1 | L7: =VLOOKUP($A7,'10-р анги өдөр-2'!$F$3:$K$43,5,FALSE()) -> 0.5 | M7: =VLOOKUP($A7,'10-р анги өдөр-2'!$F$3:$K$43,6,FALSE()) -> 0 | N7: =SUM(H7:M7) -> 12.5 | O7: =ROMAN(RANK(N7,$N$4:$N$44,0)) -> IV
A8: 81422 | B8: E(10-р анги) II-I | C8: Жаргалант сумын Прогресс сургууль | D8: Мөнгөншагай | E8: Баасанхүү | F8: 10-р анги | G8: г | H8: =VLOOKUP($A8,Day1!$A$1:$H$394,4,FALSE()) -> 7 | I8: =VLOOKUP($A8,Day1!$A$1:$H$394,5,FALSE()) -> 4 | J8: =VLOOKUP($A8,Day1!$A$1:$H$394,6,FALSE()) -> 0 | K8: =VLOOKUP($A8,'10-р анги өдөр-2'!$F$3:$K$43,4,FALSE()) -> 1 | L8: =VLOOKUP($A8,'10-р анги өдөр-2'!$F$3:$K$43,5,FALSE()) -> 0 | M8: =VLOOKUP($A8,'10-р анги өдөр-2'!$F$3:$K$43,6,FALSE()) -> 0 | N8: =SUM(H8:M8) -> 12 | O8: =ROMAN(RANK(N8,$N$4:$N$44,0)) -> V
A9: 73757 | B9: E(10-р анги) II-I | C9: Жаргалант сумын 6-р сургууль | D9: Тэргэл | E9: Даваасүрэн | F9: 10-р анги | G9: а | H9: =VLOOKUP($A9,Day1!$A$1:$H$394,4,FALSE()) -> 7 | I9: =VLOOKUP($A9,Day1!$A$1:$H$394,5,FALSE()) -> 3 | J9: =VLOOKUP($A9,Day1!$A$1:$H$394,6,FALSE()) -> 0 | K9: =VLOOKUP($A9,'10-р анги өдөр-2'!$F$3:$K$43,4,FALSE()) -> 1 | L9: =VLOOKUP($A9,'10-р анги өдөр-2'!$F$3:$K$43,5,FALSE()) -> 0 | M9: =VLOOKUP($A9,'10-р анги өдөр-2'!$F$3:$K$43,6,FALSE()) -> 0 | N9: =SUM(H9:M9) -> 11 | O9: =ROMAN(RANK(N9,$N$4:$N$44,0)) -> VI
A10: 118299 | B10: E(10-р анги) II-I | C10: Цэцэг сумын сургууль | D10: Адьшаа | E10: Ганцоож | F10: 10-р анги | G10: б | H10: =VLOOKUP($A10,Day1!$A$1:$H$394,4,FALSE()) -> 7 | I10: =VLOOKUP($A10,Day1!$A$1:$H$394,5,FALSE()) -> 4 | J10: =VLOOKUP($A10,Day1!$A$1:$H$394,6,FALSE()) -> 0 | K10: =VLOOKUP($A10,'10-р анги өдөр-2'!$F$3:$K$43,4,FALSE()) -> 0 | L10: =VLOOKUP($A10,'10-р анги өдөр-2'!$F$3:$K$43,5,FALSE()) -> 0 | M10: =VLOOKUP($A10,'10-р анги өдөр-2'!$F$3:$K$43,6,FALSE()) -> 0 | N10: =SUM(H10:M10) -> 11 | O10: =ROMAN(RANK(N10,$N$4:$N$44,0)) -> VI
A11: 118641 | B11: E(10-р анги) II-I | C11: Цэцэг сумын сургууль | D11: Маргад | E11: Ганбаяр | F11: 10-р анги | G11: б | H11: =VLOOKUP($A11,Day1!$A$1:$H$394,4,FALSE()) -> 7 | I11: =VLOOKUP($A11,Day1!$A$1:$H$394,5,FALSE()) -> 4 | J11: =VLOOKUP($A11,Day1!$A$1:$H$394,6,FALSE()) -> 0 | K11: =VLOOKUP($A11,'10-р анги өдөр-2'!$F$3:$K$43,4,FALSE()) -> 0 | L11: =VLOOKUP($A11,'10-р анги өдөр-2'!$F$3:$K$43,5,FALSE()) -> 0 | M11: =VLOOKUP($A11,'10-р анги өдөр-2'!$F$3:$K$43,6,FALSE()) -> 0 | N11: =SUM(H11:M11) -> 11 | O11: =ROMAN(RANK(N11,$N$4:$N$44,0)) -> VI
A12: 110925 | B12: E(10-р анги) II-I | C12: Алтай сумын сургууль | D12: Саруул | E12: Мягмаржав | F12: 10-р анги | G12: б | H12: =VLOOKUP($A12,Day1!$A$1:$H$394,4,FALSE()) -> 7 | I12: =VLOOKUP($A12,Day1!$A$1:$H$394,5,FALSE()) -> 4 | J12: =VLOOKUP($A12,Day1!$A$1:$H$394,6,FALSE()) -> 0 | K12: =VLOOKUP($A12,'10-р анги өдөр-2'!$F$3:$K$43,4,FALSE()) -> 0 | L12: =VLOOKUP($A12,'10-р анги өдөр-2'!$F$3:$K$43,5,FALSE()) -> 0 | M12: =VLOOKUP($A12,'10-р анги өдөр-2'!$F$3:$K$43,6,FALSE()) -> 0 | N12: =SUM(H12:M12) -> 11 | O12: =ROMAN(RANK(N12,$N$4:$N$44,0)) -> VI
A13: 119874 | B13: E(10-р анги) II-I | C13: Цэцэг сумын сургууль | D13: Чингүүн | E13: Нямдорж | F13: 10-р анги | G13: а | H13: =VLOOKUP($A13,Day1!$A$1:$H$394,4,FALSE()) -> 7 | I13: =VLOOKUP($A13,Day1!$A$1:$H$394,5,FALSE()) -> 3 | J13: =VLOOKUP($A13,Day1!$A$1:$H$394,6,FALSE()) -> 0 | K13: =VLOOKUP($A13,'10-р анги өдөр-2'!$F$3:$K$43,4,FALSE()) -> 0 | L13: =VLOOKUP($A13,'10-р анги өдөр-2'!$F$3:$K$43,5,FALSE()) -> 0 | M13: =VLOOKUP($A13,'10-р анги өдөр-2'!$F$3:$K$43,6,FALSE()) -> 0 | N13: =SUM(H13:M13) -> 10 | O13: =ROMAN(RANK(N13,$N$4:$N$44,0)) -> X
A14: 183220 | B14: E(10-р анги) II-I | C14: Жаргалант сумын 6-р сургууль | D14: Мөнх-Оргил | E14: Өсөхбаяр | F14: 10-р анги | G14: г | H14: =VLOOKUP($A14,Day1!$A$1:$H$394,4,FALSE()) -> 7 | I14: =VLOOKUP($A14,Day1!$A$1:$H$394,5,FALSE()) -> 2 | J14: =VLOOKUP($A14,Day1!$A$1:$H$394,6,FALSE()) -> 0 | K14: =VLOOKUP($A14,'10-р анги өдөр-2'!$F$3:$K$43,4,FALSE()) -> 1 | L14: =VLOOKUP($A14,'10-р анги өдөр-2'!$F$3:$K$43,5,FALSE()) -> 0 | M14: =VLOOKUP($A14,'10-р анги өдөр-2'!$F$3:$K$43,6,FALSE()) -> 0 | N14: =SUM(H14:M14) -> 10 | O14: =ROMAN(RANK(N14,$N$4:$N$44,0)) -> X
A15: 118196 | B15: E(10-р анги) II-I | C15: Цэцэг сумын сургууль | D15: Лхагважаргал | E15: Гансүх | F15: 10-р анги | G15: б | H15: =VLOOKUP($A15,Day1!$A$1:$H$394,4,FALSE()) -> 7 | I15: =VLOOKUP($A15,Day1!$A$1:$H$394,5,FALSE()) -> 2 | J15: =VLOOKUP($A15,Day1!$A$1:$H$394,6,FALSE()) -> 0 | K15: =VLOOKUP($A15,'10-р анги өдөр-2'!$F$3:$K$43,4,FALSE()) -> 0 | L15: =VLOOKUP($A15,'10-р анги өдөр-2'!$F$3:$K$43,5,FALSE()) -> 0 | M15: =VLOOKUP($A15,'10-р анги өдөр-2'!$F$3:$K$43,6,FALSE()) -> 0 | N15: =SUM(H15:M15) -> 9 | O15: =ROMAN(RANK(N15,$N$4:$N$44,0)) -> XII
... A43: 204719 | B43: E(10-р анги) II-I | C43: Жаргалант сумын Цаст-Алтай сургууль | D43: Ариунзаяа | E43: Өлзийбадрах | F43: 10-р анги | G43: а | H43: =VLOOKUP($A43,Day1!$A$1:$H$394,4,FALSE()) -> 0 | I43: =VLOOKUP($A43,Day1!$A$1:$H$394,5,FALSE()) -> 0 | J43: =VLOOKUP($A43,Day1!$A$1:$H$394,6,FALSE()) -> 0 | K43: =VLOOKUP($A43,'10-р анги өдөр-2'!$F$3:$K$43,4,FALSE()) -> 0 | L43: =VLOOKUP($A43,'10-р анги өдөр-2'!$F$3:$K$43,5,FALSE()) -> 0 | M43: =VLOOKUP($A43,'10-р анги өдөр-2'!$F$3:$K$43,6,FALSE()) -> 0 | N43: =SUM(H43:M43) -> 0 | O43: =ROMAN(RANK(N43,$N$4:$N$44,0)) -> XXXIV
A44: 175146 | B44: E(10-р анги) II-I | C44: Жаргалант сумын 3-р сургууль | D44: Мөрөн | E44: Анхбаяр | F44: 10-р анги | G44: а | H44: =VLOOKUP($A44,Day1!$A$1:$H$394,4,FALSE()) -> 0 | I44: =VLOOKUP($A44,Day1!$A$1:$H$394,5,FALSE()) -> 0 | J44: =VLOOKUP($A44,Day1!$A$1:$H$394,6,FALSE()) -> 0 | N44: =SUM(H44:M44) -> 0 | O44: =ROMAN(RANK(N44,$N$4:$N$44,0)) -> XXXIV
N45: =SUM(H45:M45) -> 0
A46: Олимпиадыг авсан багш: Д.Чинзориг, Э.Эрдэнэсүрэн, Б.Нямжав
A48: Олимпиадыгзассан багш: Б.Эркехулан, Б.Анхбаяр, Анхцооз

Sheet 11-р анги нэгтгэл
A1: МОНГОЛЫН МАТЕМАТИКИЙН 62-Р ОЛИМПИАД
A2: 46005 | K2: 11 ДҮГЭЭР АНГИ
A3: ID | B3: Ангилал | C3: Сургууль | D3: Нэр | E3: Овог | F3: Анги | G3: Бүлэг | H3: Бод-1 | I3: Бод-2 | J3: Бод-3 | K3: Бод-4 | L3: Бод-5 | M3: Бод-6 | N3: НИЙТ оноо | O3: Эзэлсэн байр
A4: 7896 | B4: F(11-р анги) II-I | C4: Жаргалант сумын Прогресс сургууль | D4: Нямсайхан | E4: Дандар | F4: 11-р анги | G4: б | H4: =VLOOKUP($A4,Day1!$A$1:$H$394,4,FALSE()) -> 7 | I4: =VLOOKUP($A4,Day1!$A$1:$H$394,5,FALSE()) -> 2 | J4: =VLOOKUP($A4,Day1!$A$1:$H$394,6,FALSE()) -> 2 | K4: =VLOOKUP($A4,Day2!$A$1:$H$400,4,FALSE()) -> 0 | L4: =VLOOKUP($A4,Day2!$A$1:$H$400,5,FALSE()) -> 0 | M4: =VLOOKUP($A4,Day2!$A$1:$H$400,6,FALSE()) -> 0 | N4: =SUM(H4:M4) -> 11 | O4: =ROMAN(RANK(N4,$N$4:$N$29,0)) -> I
A5: 56735 | B5: F(11-р анги) II-I | C5: Жаргалант сумын Цаст-Алтай сургууль | D5: Мөнх-ирээдүй | E5: Төрмөнх | F5: 11-р анги | G5: б | H5: =VLOOKUP($A5,Day1!$A$1:$H$394,4,FALSE()) -> 7 | I5: =VLOOKUP($A5,Day1!$A$1:$H$394,5,FALSE()) -> 3 | J5: =VLOOKUP($A5,Day1!$A$1:$H$394,6,FALSE()) -> 0 | K5: =VLOOKUP($A5,Day2!$A$1:$H$400,4,FALSE()) -> 0 | L5: =VLOOKUP($A5,Day2!$A$1:$H$400,5,FALSE()) -> 0 | M5: =VLOOKUP($A5,Day2!$A$1:$H$400,6,FALSE()) -> 0 | N5: =SUM(H5:M5) -> 10 | O5: =ROMAN(RANK(N5,$N$4:$N$29,0)) -> II
A6: 118283 | B6: F(11-р анги) II-I | C6: Цэцэг сумын сургууль | D6: Билэгжаргал | E6: Лхагва | F6: 11-р анги | G6: а | H6: =VLOOKUP($A6,Day1!$A$1:$H$394,4,FALSE()) -> 7 | I6: =VLOOKUP($A6,Day1!$A$1:$H$394,5,FALSE()) -> 2 | J6: =VLOOKUP($A6,Day1!$A$1:$H$394,6,FALSE()) -> 0 | K6: =VLOOKUP($A6,Day2!$A$1:$H$400,4,FALSE()) -> 0 | L6: =VLOOKUP($A6,Day2!$A$1:$H$400,5,FALSE()) -> 0 | M6: =VLOOKUP($A6,Day2!$A$1:$H$400,6,FALSE()) -> 0.5 | N6: =SUM(H6:M6) -> 9.5 | O6: =ROMAN(RANK(N6,$N$4:$N$29,0)) -> III
A7: 115856 | B7: F(11-р анги) II-I | C7: Чандмань сумын сургууль | D7: Бямбадорж | E7: Цогбаяр | F7: 11-р анги | G7: а | H7: =VLOOKUP($A7,Day1!$A$1:$H$394,4,FALSE()) -> 7 | I7: =VLOOKUP($A7,Day1!$A$1:$H$394,5,FALSE()) -> 2 | J7: =VLOOKUP($A7,Day1!$A$1:$H$394,6,FALSE()) -> 0 | K7: =VLOOKUP($A7,Day2!$A$1:$H$400,4,FALSE()) -> 0 | L7: =VLOOKUP($A7,Day2!$A$1:$H$400,5,FALSE()) -> 0 | M7: =VLOOKUP($A7,Day2!$A$1:$H$400,6,FALSE()) -> 0 | N7: =SUM(H7:M7) -> 9 | O7: =ROMAN(RANK(N7,$N$4:$N$29,0)) -> IV
A8: 124032 | B8: F(11-р анги) II-I | C8: Булган сумын 1-р сургууль | D8: Ганзориг | E8: Чулуунбаатар | F8: 11-р анги | G8: а | H8: =VLOOKUP($A8,Day1!$A$1:$H$394,4,FALSE()) -> 7 | I8: =VLOOKUP($A8,Day1!$A$1:$H$394,5,FALSE()) -> 2 | J8: =VLOOKUP($A8,Day1!$A$1:$H$394,6,FALSE()) -> 0 | K8: =VLOOKUP($A8,Day2!$A$1:$H$400,4,FALSE()) -> 0 | L8: =VLOOKUP($A8,Day2!$A$1:$H$400,5,FALSE()) -> 0 | M8: =VLOOKUP($A8,Day2!$A$1:$H$400,6,FALSE()) -> 0 | N8: =SUM(H8:M8) -> 9 | O8: =ROMAN(RANK(N8,$N$4:$N$29,0)) -> IV
A9: 99196 | B9: F(11-р анги) II-I | C9: Жаргалант сумын 7-р сургууль | D9: Мянганбаяр | E9: Энхнасан | F9: 11-р анги | G9: а | H9: =VLOOKUP($A9,Day1!$A$1:$H$394,4,FALSE()) -> 7 | I9: =VLOOKUP($A9,Day1!$A$1:$H$394,5,FALSE()) -> 2 | J9: =VLOOKUP($A9,Day1!$A$1:$H$394,6,FALSE()) -> 0 | K9: =VLOOKUP($A9,Day2!$A$1:$H$400,4,FALSE()) -> 0 | L9: =VLOOKUP($A9,Day2!$A$1:$H$400,5,FALSE()) -> 0 | M9: =VLOOKUP($A9,Day2!$A$1:$H$400,6,FALSE()) -> 0 | N9: =SUM(H9:M9) -> 9 | O9: =ROMAN(RANK(N9,$N$4:$N$29,0)) -> IV
A10: 109151 | B10: F(11-р анги) II-I | C10: Жаргалант сумын 1-р сургууль | D10: Батбилэг | E10: Батмөнх | F10: 11-р анги | G10: а | H10: =VLOOKUP($A10,Day1!$A$1:$H$394,4,FALSE()) -> 7 | I10: =VLOOKUP($A10,Day1!$A$1:$H$394,5,FALSE()) -> 0 | J10: =VLOOKUP($A10,Day1!$A$1:$H$394,6,FALSE()) -> 0 | K10: =VLOOKUP($A10,Day2!$A$1:$H$400,4,FALSE()) -> 2 | L10: =VLOOKUP($A10,Day2!$A$1:$H$400,5,FALSE()) -> 0 | M10: =VLOOKUP($A10,Day2!$A$1:$H$400,6,FALSE()) -> 0 | N10: =SUM(H10:M10) -> 9 | O10: =ROMAN(RANK(N10,$N$4:$N$29,0)) -> IV
A11: 18550 | B11: F(11-р анги) II-I | C11: Жаргалант сумын Прогресс сургууль | D11: Эрдэнэжаргал | E11: Өлзийжаргал | F11: 11-р анги | G11: в | H11: =VLOOKUP($A11,Day1!$A$1:$H$394,4,FALSE()) -> 7 | I11: =VLOOKUP($A11,Day1!$A$1:$H$394,5,FALSE()) -> 2 | J11: =VLOOKUP($A11,Day1!$A$1:$H$394,6,FALSE()) -> 0 | K11: =VLOOKUP($A11,Day2!$A$1:$H$400,4,FALSE()) -> 0 | L11: =VLOOKUP($A11,Day2!$A$1:$H$400,5,FALSE()) -> 0 | M11: =VLOOKUP($A11,Day2!$A$1:$H$400,6,FALSE()) -> 0 | N11: =SUM(H11:M11) -> 9 | O11: =ROMAN(RANK(N11,$N$4:$N$29,0)) -> IV
A12: 110930 | B12: F(11-р анги) II-I | C12: Алтай сумын сургууль | D12: Хишигбаатар | E12: Энхбаяр | F12: 11-р анги | G12: б | H12: =VLOOKUP($A12,Day1!$A$1:$H$394,4,FALSE()) -> 7 | I12: =VLOOKUP($A12,Day1!$A$1:$H$394,5,FALSE()) -> 2 | J12: =VLOOKUP($A12,Day1!$A$1:$H$394,6,FALSE()) -> 0 | K12: =VLOOKUP($A12,Day2!$A$1:$H$400,4,FALSE()) -> 0 | L12: =VLOOKUP($A12,Day2!$A$1:$H$400,5,FALSE()) -> 0 | M12: =VLOOKUP($A12,Day2!$A$1:$H$400,6,FALSE()) -> 0 | N12: =SUM(H12:M12) -> 9 | O12: =ROMAN(RANK(N12,$N$4:$N$29,0)) -> IV
A13: 117431 | B13: F(11-р анги) II-I | C13: Зэрэг сумын сургууль | D13: Амгаланбаяр | E13: Батхуяг | F13: 11-р анги | G13: а | H13: =VLOOKUP($A13,Day1!$A$1:$H$394,4,FALSE()) -> 0 | I13: =VLOOKUP($A13,Day1!$A$1:$H$394,5,FALSE()) -> 2 | J13: =VLOOKUP($A13,Day1!$A$1:$H$394,6,FALSE()) -> 0 | K13: =VLOOKUP($A13,Day2!$A$1:$H$400,4,FALSE()) -> 2 | L13: =VLOOKUP($A13,Day2!$A$1:$H$400,5,FALSE()) -> 0 | M13: =VLOOKUP($A13,Day2!$A$1:$H$400,6,FALSE()) -> 0 | N13: =SUM(H13:M13) -> 4 | O13: =ROMAN(RANK(N13,$N$4:$N$29,0)) -> X
A14: 117902 | B14: F(11-р анги) II-I | C14: Дарви сумын сургууль | D14: Алтан-Очир | E14: Ханбат | F14: 11-р анги | G14: а | H14: =VLOOKUP($A14,Day1!$A$1:$H$394,4,FALSE()) -> 3 | I14: =VLOOKUP($A14,Day1!$A$1:$H$394,5,FALSE()) -> 0 | J14: =VLOOKUP($A14,Day1!$A$1:$H$394,6,FALSE()) -> 0 | K14: =VLOOKUP($A14,Day2!$A$1:$H$400,4,FALSE()) -> 0 | L14: =VLOOKUP($A14,Day2!$A$1:$H$400,5,FALSE()) -> 0 | M14: =VLOOKUP($A14,Day2!$A$1:$H$400,6,FALSE()) -> 0 | N14: =SUM(H14:M14) -> 3 | O14: =ROMAN(RANK(N14,$N$4:$N$29,0)) -> XI
A15: 133671 | B15: F(11-р анги) II-I | C15: Манхан сумын сургууль | D15: Энхжин | E15: Мөнхтүвшин | F15: 11-р анги | G15: а | H15: =VLOOKUP($A15,Day1!$A$1:$H$394,4,FALSE()) -> 0 | I15: =VLOOKUP($A15,Day1!$A$1:$H$394,5,FALSE()) -> 2 | J15: =VLOOKUP($A15,Day1!$A$1:$H$394,6,FALSE()) -> 0 | K15: =VLOOKUP($A15,Day2!$A$1:$H$400,4,FALSE()) -> 0 | L15: =VLOOKUP($A15,Day2!$A$1:$H$400,5,FALSE()) -> 0 | M15: =VLOOKUP($A15,Day2!$A$1:$H$400,6,FALSE()) -> 0 | N15: =SUM(H15:M15) -> 2 | O15: =ROMAN(RANK(N15,$N$4:$N$29,0)) -> XII
... A27: 185795 | B27: F(11-р анги) II-I | C27: Жаргалант сумын 1-р сургууль | D27: Төртогтох | E27: Владимир | F27: 11-р анги | G27: д | H27: =VLOOKUP($A27,Day1!$A$1:$H$394,4,FALSE()) -> 0 | I27: =VLOOKUP($A27,Day1!$A$1:$H$394,5,FALSE()) -> 0 | J27: =VLOOKUP($A27,Day1!$A$1:$H$394,6,FALSE()) -> 0 | K27: =VLOOKUP($A27,Day2!$A$1:$H$400,4,FALSE()) -> 0 | L27: =VLOOKUP($A27,Day2!$A$1:$H$400,5,FALSE()) -> 0 | M27: =VLOOKUP($A27,Day2!$A$1:$H$400,6,FALSE()) -> 0 | N27: =SUM(H27:M27) -> 0 | O27: =ROMAN(RANK(N27,$N$4:$N$29,0)) -> XVIII
A28: 185512 | B28: F(11-р анги) II-I | C28: Эрдэнэбүрэн сумын сургууль | D28: Дөлбадрах | E28: Дарамрагчаа | F28: 11-р анги | G28: а | H28: =VLOOKUP($A28,Day1!$A$1:$H$394,4,FALSE()) -> 0 | I28: =VLOOKUP($A28,Day1!$A$1:$H$394,5,FALSE()) -> 0 | J28: =VLOOKUP($A28,Day1!$A$1:$H$394,6,FALSE()) -> 0 | N28: =SUM(H28:M28) -> 0 | O28: =ROMAN(RANK(N28,$N$4:$N$29,0)) -> XVIII
A29: 83273 | B29: F(11-р анги) II-I | C29: Жаргалант сумын 2-р сургууль | D29: Сарнай | E29: Гэндэн | F29: 11-р анги | G29: г | H29: =VLOOKUP($A29,Day1!$A$1:$H$394,4,FALSE()) -> 0 | I29: =VLOOKUP($A29,Day1!$A$1:$H$394,5,FALSE()) -> 0 | J29: =VLOOKUP($A29,Day1!$A$1:$H$394,6,FALSE()) -> 0 | N29: =SUM(H29:M29) -> 0 | O29: =ROMAN(RANK(N29,$N$4:$N$29,0)) -> XVIII
A31: Олимпиадыг авсан багш: З.Амарсанаа, Б.Мөнх-Эрдэнэ
A33: Олимпиадыгзассан багш: Э.Цэгмэд, Г.Отгонцэцэг

Sheet 12-р анги нэгтгэл
A1: МОНГОЛЫН МАТЕМАТИКИЙН 62-Р ОЛИМПИАД
A2: 46005 | K2: 12 ДУГААР АНГИ
A3: ID | B3: Ангилал | C3: Сургууль | D3: Нэр | E3: Овог | F3: Анги | G3: Бүлэг | H3: Бод-1 | I3: Бод-2 | J3: Бод-3 | K3: Бод-4 | L3: Бод-5 | M3: Бод-6 | N3: НИЙТ оноо | O3: Эзэлсэн байр
A4: 82456 | B4: F(12-р анги) II-I | C4: Жаргалант сумын Прогресс сургууль | D4: Болд-Эрдэнэ | E4: Нямдорж | F4: 12-р анги | G4: а | H4: =VLOOKUP($A4,Day1!$A$1:$H$394,4,FALSE()) -> 7 | I4: =VLOOKUP($A4,Day1!$A$1:$H$394,5,FALSE()) -> 2 | J4: =VLOOKUP($A4,Day1!$A$1:$H$394,6,FALSE()) -> 0 | K4: =VLOOKUP($A4,'12-р анги өдөр-2'!$F$3:$L$30,4,FALSE()) -> 2 | L4: =VLOOKUP($A4,'12-р анги өдөр-2'!$F$3:$L$30,5,FALSE()) -> 0 | M4: =VLOOKUP($A4,'12-р анги өдөр-2'!$F$3:$L$30,6,FALSE()) -> 0 | N4: =SUM(H4:M4) -> 11 | O4: =ROMAN(RANK(N4,$N$4:$N$31,0)) -> I
A5: 82535 | B5: F(12-р анги) II-I | C5: Жаргалант сумын Прогресс сургууль | D5: Энхсайхан | E5: Батбаяр | F5: 12-р анги | G5: а | H5: =VLOOKUP($A5,Day1!$A$1:$H$394,4,FALSE()) -> 7 | I5: =VLOOKUP($A5,Day1!$A$1:$H$394,5,FALSE()) -> 3 | J5: =VLOOKUP($A5,Day1!$A$1:$H$394,6,FALSE()) -> 0 | K5: =VLOOKUP($A5,'12-р анги өдөр-2'!$F$3:$L$30,4,FALSE()) -> 0 | L5: =VLOOKUP($A5,'12-р анги өдөр-2'!$F$3:$L$30,5,FALSE()) -> 0 | M5: =VLOOKUP($A5,'12-р анги өдөр-2'!$F$3:$L$30,6,FALSE()) -> 0 | N5: =SUM(H5:M5) -> 10 | O5: =ROMAN(RANK(N5,$N$4:$N$31,0)) -> II
A6: 142740 | B6: F(12-р анги) II-I | C6: Жаргалант сумын Цаст-Алтай сургууль | D6: Лаура | E6: Ахит | F6: 12-р анги | G6: в | H6: =VLOOKUP($A6,Day1!$A$1:$H$394,4,FALSE()) -> 7 | I6: =VLOOKUP($A6,Day1!$A$1:$H$394,5,FALSE()) -> 2.5 | J6: =VLOOKUP($A6,Day1!$A$1:$H$394,6,FALSE()) -> 0 | K6: =VLOOKUP($A6,'12-р анги өдөр-2'!$F$3:$L$30,4,FALSE()) -> 0 | L6: =VLOOKUP($A6,'12-р анги өдөр-2'!$F$3:$L$30,5,FALSE()) -> 0 | M6: =VLOOKUP($A6,'12-р анги өдөр-2'!$F$3:$L$30,6,FALSE()) -> 0 | N6: =SUM(H6:M6) -> 9.5 | O6: =ROMAN(RANK(N6,$N$4:$N$31,FALSE())) -> III
A7: 59433 | B7: F(12-р анги) II-I | C7: Үенч сумын сургууль | D7: Эрдэнэхонгор | E7: Ганболд | F7: 12-р анги | G7: б | H7: =VLOOKUP($A7,Day1!$A$1:$H$394,4,FALSE()) -> 7 | I7: =VLOOKUP($A7,Day1!$A$1:$H$394,5,FALSE()) -> 2 | J7: =VLOOKUP($A7,Day1!$A$1:$H$394,6,FALSE()) -> 0 | K7: =VLOOKUP($A7,'12-р анги өдөр-2'!$F$3:$L$30,4,FALSE()) -> 0 | L7: =VLOOKUP($A7,'12-р анги өдөр-2'!$F$3:$L$30,5,FALSE()) -> 0 | M7: =VLOOKUP($A7,'12-р анги өдөр-2'!$F$3:$L$30,6,FALSE()) -> 0 | N7: =SUM(H7:M7) -> 9 | O7: =ROMAN(RANK(N7,$N$4:$N$31,0)) -> IV
A8: 82453 | B8: F(12-р анги) II-I | C8: Жаргалант сумын Прогресс сургууль | D8: Бадар-Ууган | E8: Цэрэнбадам | F8: 12-р анги | G8: а | H8: =VLOOKUP($A8,Day1!$A$1:$H$394,4,FALSE()) -> 7 | I8: =VLOOKUP($A8,Day1!$A$1:$H$394,5,FALSE()) -> 2 | J8: =VLOOKUP($A8,Day1!$A$1:$H$394,6,FALSE()) -> 0 | K8: =VLOOKUP($A8,'12-р анги өдөр-2'!$F$3:$L$30,4,FALSE()) -> 0 | L8: =VLOOKUP($A8,'12-р анги өдөр-2'!$F$3:$L$30,5,FALSE()) -> 0 | M8: =VLOOKUP($A8,'12-р анги өдөр-2'!$F$3:$L$30,6,FALSE()) -> 0 | N8: =SUM(H8:M8) -> 9 | O8: =ROMAN(RANK(N8,$N$4:$N$31,0)) -> IV
A9: 110661 | B9: F(12-р анги) II-I | C9: Жаргалант сумын 7-р сургууль | D9: Нямхүү | E9: Лхагвасүрэн | F9: 12-р анги | G9: б | H9: =VLOOKUP($A9,Day1!$A$1:$H$394,4,FALSE()) -> 7 | I9: =VLOOKUP($A9,Day1!$A$1:$H$394,5,FALSE()) -> 2 | J9: =VLOOKUP($A9,Day1!$A$1:$H$394,6,FALSE()) -> 0 | K9: =VLOOKUP($A9,'12-р анги өдөр-2'!$F$3:$L$30,4,FALSE()) -> 0 | L9: =VLOOKUP($A9,'12-р анги өдөр-2'!$F$3:$L$30,5,FALSE()) -> 0 | M9: =VLOOKUP($A9,'12-р анги өдөр-2'!$F$3:$L$30,6,FALSE()) -> 0 | N9: =SUM(H9:M9) -> 9 | O9: =ROMAN(RANK(N9,$N$4:$N$31,0)) -> IV
A10: 122031 | B10: F(12-р анги) II-I | C10: Жаргалант сумын 3-р сургууль | D10: Нарантуяа | E10: Наянтай | F10: 12-р анги | G10: а | H10: =VLOOKUP($A10,Day1!$A$1:$H$394,4,FALSE()) -> 7 | I10: =VLOOKUP($A10,Day1!$A$1:$H$394,5,FALSE()) -> 2 | J10: =VLOOKUP($A10,Day1!$A$1:$H$394,6,FALSE()) -> 0 | K10: =VLOOKUP($A10,'12-р анги өдөр-2'!$F$3:$L$30,4,FALSE()) -> 0 | L10: =VLOOKUP($A10,'12-р анги өдөр-2'!$F$3:$L$30,5,FALSE()) -> 0 | M10: =VLOOKUP($A10,'12-р анги өдөр-2'!$F$3:$L$30,6,FALSE()) -> 0 | N10: =SUM(H10:M10) -> 9 | O10: =ROMAN(RANK(N10,$N$4:$N$31,0)) -> IV
A11: 129372 | B11: F(12-р анги) II-I | C11: Булган сумын 1-р сургууль | D11: Мөнхмишээл | E11: Боргил | F11: 12-р анги | G11: в | H11: =VLOOKUP($A11,Day1!$A$1:$H$394,4,FALSE()) -> 6 | I11: =VLOOKUP($A11,Day1!$A$1:$H$394,5,FALSE()) -> 0 | J11: =VLOOKUP($A11,Day1!$A$1:$H$394,6,FALSE()) -> 0 | K11: =VLOOKUP($A11,'12-р анги өдөр-2'!$F$3:$L$30,4,FALSE()) -> 3 | L11: =VLOOKUP($A11,'12-р анги өдөр-2'!$F$3:$L$30,5,FALSE()) -> 0 | M11: =VLOOKUP($A11,'12-р анги өдөр-2'!$F$3:$L$30,6,FALSE()) -> 0 | N11: =SUM(H11:M11) -> 9 | O11: =ROMAN(RANK(N11,$N$4:$N$31,0)) -> IV
A12: 109503 | B12: F(12-р анги) II-I | C12: Жаргалант сумын 1-р сургууль | D12: Сарангэрэл | E12: Ганбаатар | F12: 12-р анги | G12: г | H12: =VLOOKUP($A12,Day1!$A$1:$H$394,4,FALSE()) -> 3 | I12: =VLOOKUP($A12,Day1!$A$1:$H$394,5,FALSE()) -> 2 | J12: =VLOOKUP($A12,Day1!$A$1:$H$394,6,FALSE()) -> 0 | K12: =VLOOKUP($A12,'12-р анги өдөр-2'!$F$3:$L$30,4,FALSE()) -> 2 | L12: =VLOOKUP($A12,'12-р анги өдөр-2'!$F$3:$L$30,5,FALSE()) -> 0 | M12: =VLOOKUP($A12,'12-р анги өдөр-2'!$F$3:$L$30,6,FALSE()) -> 0 | N12: =SUM(H12:M12) -> 7 | O12: =ROMAN(RANK(N12,$N$4:$N$31,0)) -> IX
A13: 87436 | B13: F(12-р анги) II-I | C13: Жаргалант сумын 2-р сургууль | D13: Ганхуяг | E13: Цэвээндорж | F13: 12-р анги | G13: б | H13: =VLOOKUP($A13,Day1!$A$1:$H$394,4,FALSE()) -> 7 | I13: =VLOOKUP($A13,Day1!$A$1:$H$394,5,FALSE()) -> 0 | J13: =VLOOKUP($A13,Day1!$A$1:$H$394,6,FALSE()) -> 0 | K13: =VLOOKUP($A13,'12-р анги өдөр-2'!$F$3:$L$30,4,FALSE()) -> 0 | L13: =VLOOKUP($A13,'12-р анги өдөр-2'!$F$3:$L$30,5,FALSE()) -> 0 | M13: =VLOOKUP($A13,'12-р анги өдөр-2'!$F$3:$L$30,6,FALSE()) -> 0 | N13: =SUM(H13:M13) -> 7 | O13: =ROMAN(RANK(N13,$N$4:$N$31,0)) -> IX
A14: 178304 | B14: F(12-р анги) II-I | C14: Жаргалант сумын Прогресс сургууль | D14: Өсөх-ирээдүй | E14: Ганбаяр | F14: 12-р анги | G14: а | H14: =VLOOKUP($A14,Day1!$A$1:$H$394,4,FALSE()) -> 3 | I14: =VLOOKUP($A14,Day1!$A$1:$H$394,5,FALSE()) -> 2 | J14: =VLOOKUP($A14,Day1!$A$1:$H$394,6,FALSE()) -> 0 | K14: =VLOOKUP($A14,'12-р анги өдөр-2'!$F$3:$L$30,4,FALSE()) -> 0 | L14: =VLOOKUP($A14,'12-р анги өдөр-2'!$F$3:$L$30,5,FALSE()) -> 0 | M14: =VLOOKUP($A14,'12-р анги өдөр-2'!$F$3:$L$30,6,FALSE()) -> 0 | N14: =SUM(H14:M14) -> 5 | O14: =ROMAN(RANK(N14,$N$4:$N$31,0)) -> XI
A15: 59211 | B15: F(12-р анги) II-I | C15: Жаргалант сумын 1-р сургууль | D15: Ганболд | E15: Баярсүрэн | F15: 12-р анги | G15: в | H15: =VLOOKUP($A15,Day1!$A$1:$H$394,4,FALSE()) -> 0 | I15: =VLOOKUP($A15,Day1!$A$1:$H$394,5,FALSE()) -> 2 | J15: =VLOOKUP($A15,Day1!$A$1:$H$394,6,FALSE()) -> 0 | K15: =VLOOKUP($A15,'12-р анги өдөр-2'!$F$3:$L$30,4,FALSE()) -> 3 | L15: =VLOOKUP($A15,'12-р анги өдөр-2'!$F$3:$L$30,5,FALSE()) -> 0 | M15: =VLOOKUP($A15,'12-р анги өдөр-2'!$F$3:$L$30,6,FALSE()) -> 0 | N15: =SUM(H15:M15) -> 5 | O15: =ROMAN(RANK(N15,$N$4:$N$31,0)) -> XI
A16: 16020 | B16: F(12-р анги) II-I | C16: Буянт сумын сургууль | D16: Баянцэцэг | E16: Батмөнх | F16: 12-р анги | G16: а | H16: =VLOOKUP($A16,Day1!$A$1:$H$394,4,FALSE()) -> 0 | I16: =VLOOKUP($A16,Day1!$A$1:$H$394,5,FALSE()) -> 2 | J16: =VLOOKUP($A16,Day1!$A$1:$H$394,6,FALSE()) -> 0 | K16: =VLOOKUP($A16,'12-р анги өдөр-2'!$F$3:$L$30,4,FALSE()) -> 2 | L16: =VLOOKUP($A16,'12-р анги өдөр-2'!$F$3:$L$30,5,FALSE()) -> 0 | M16: =VLOOKUP($A16,'12-р анги өдөр-2'!$F$3:$L$30,6,FALSE()) -> 0 | N16: =SUM(H16:M16) -> 4 | O16: =ROMAN(RANK(N16,$N$4:$N$31,0)) -> XIII
A17: 203256 | B17: F(12-р анги) II-I | C17: Жаргалант сумын Цаст-Алтай сургууль | D17: Оюунболор | E17: Баянмөнх | F17: 12-р анги | G17: г | H17: =VLOOKUP($A17,Day1!$A$1:$H$394,4,FALSE()) -> 0 | I17: =VLOOKUP($A17,Day1!$A$1:$H$394,5,FALSE()) -> 2 | J17: =VLOOKUP($A17,Day1!$A$1:$H$394,6,FALSE()) -> 0 | K17: =VLOOKUP($A17,'12-р анги өдөр-2'!$F$3:$L$30,4,FALSE()) -> 0 | L17: =VLOOKUP($A17,'12-р анги өдөр-2'!$F$3:$L$30,5,FALSE()) -> 0 | M17: =VLOOKUP($A17,'12-р анги өдөр-2'!$F$3:$L$30,6,FALSE()) -> 0 | N17: =SUM(H17:M17) -> 2 | O17: =ROMAN(RANK(N17,$N$4:$N$31,0)) -> XIV
A18: 118442 | B18: F(12-р анги) II-I | C18: Цэцэг сумын сургууль | D18: Маралжингоо | E18: Галбадрах | F18: 12-р анги | G18: а | H18: =VLOOKUP($A18,Day1!$A$1:$H$394,4,FALSE()) -> 0 | I18: =VLOOKUP($A18,Day1!$A$1:$H$394,5,FALSE()) -> 2 | J18: =VLOOKUP($A18,Day1!$A$1:$H$394,6,FALSE()) -> 0 | K18: =VLOOKUP($A18,'12-р анги өдөр-2'!$F$3:$L$30,4,FALSE()) -> 0 | L18: =VLOOKUP($A18,'12-р анги өдөр-2'!$F$3:$L$30,5,FALSE()) -> 0 | M18: =VLOOKUP($A18,'12-р анги өдөр-2'!$F$3:$L$30,6,FALSE()) -> 0 | N18: =SUM(H18:M18) -> 2 | O18: =ROMAN(RANK(N18,$N$4:$N$31,0)) -> XIV
... A31: 115785 | B31: F(12-р анги) II-I | C31: Чандмань сумын сургууль | D31: Хүрэлсүх | E31: Батзаяа | F31: 12-р анги | G31: а | H31: =VLOOKUP($A31,Day1!$A$1:$H$394,4,FALSE()) -> 0 | I31: =VLOOKUP($A31,Day1!$A$1:$H$394,5,FALSE()) -> 0 | J31: =VLOOKUP($A31,Day1!$A$1:$H$394,6,FALSE()) -> 0 | K31: =VLOOKUP($A31,'12-р анги өдөр-2'!$F$3:$L$30,4,FALSE()) -> 0 | L31: =VLOOKUP($A31,'12-р анги өдөр-2'!$F$3:$L$30,5,FALSE()) -> 0 | M31: =VLOOKUP($A31,'12-р анги өдөр-2'!$F$3:$L$30,6,FALSE()) -> 0 | N31: =SUM(H31:M31) -> 0 | O31: =ROMAN(RANK(N31,$N$4:$N$31,0)) -> XXI
A33: Олимпиадыг авсан багш: З.Амарсанаа, Б.Мөнх-Эрдэнэ
A35: Олимпиадыгзассан багш: Э.Цэгмэд, Г.Отгонцэцэг

Sheet Бага ангийн багш
A1: Монголын математикийн 62-р олимпиадын дүн
H2: Ангилал: S(Бага ангийн багш)
B3: ID | C3: Ангилал | D3: Сургууль | E3: Нэр | F3: Овог | G3: Бод-1 | H3: Бод-2 | I3: Бод-3 | J3: Бод-4 | K3: НИЙТ оноо | L3: Эзэлсэн байр
A4: 1 | B4: 177663 | C4: S | D4: Жаргалант сумын Цаст-Алтай сургууль | E4: Дондов | F4: Нарандулам | G4: =VLOOKUP($B4,Day2!$A$1:$H$400,4,FALSE()) -> 7 | H4: =VLOOKUP($B4,Day2!$A$1:$H$400,5,FALSE()) -> 0 | I4: =VLOOKUP($B4,Day2!$A$1:$H$400,6,FALSE()) -> 1 | J4: =VLOOKUP($B4,Day2!$A$1:$H$400,7,FALSE()) -> 7 | K4: =SUM(G4:J4) -> 15 | L4: =ROMAN(RANK(K4,$K$4:$K$46,0)) -> I
A5: 2 | B5: 177676 | C5: S | D5: Жаргалант сумын Цаст-Алтай сургууль | E5: Бадаа | F5: Цоггэрэл | G5: =VLOOKUP($B5,Day2!$A$1:$H$400,4,FALSE()) -> 7 | H5: =VLOOKUP($B5,Day2!$A$1:$H$400,5,FALSE()) -> 0 | I5: =VLOOKUP($B5,Day2!$A$1:$H$400,6,FALSE()) -> 0 | J5: =VLOOKUP($B5,Day2!$A$1:$H$400,7,FALSE()) -> 7 | K5: =SUM(G5:J5) -> 14 | L5: =ROMAN(RANK(K5,$K$4:$K$46,0)) -> II
A6: 3 | B6: 177707 | C6: S | D6: Жаргалант сумын 2-р сургууль | E6: Эрхэмбаяр | F6: Ариунтуул | G6: =VLOOKUP($B6,Day2!$A$1:$H$400,4,FALSE()) -> 7 | H6: =VLOOKUP($B6,Day2!$A$1:$H$400,5,FALSE()) -> 0 | I6: =VLOOKUP($B6,Day2!$A$1:$H$400,6,FALSE()) -> 1 | J6: =VLOOKUP($B6,Day2!$A$1:$H$400,7,FALSE()) -> 5 | K6: =SUM(G6:J6) -> 13 | L6: =ROMAN(RANK(K6,$K$4:$K$46,0)) -> III
A7: 4 | B7: 177668 | C7: S | D7: Жаргалант сумын 1-р сургууль | E7: Баянмөнх | F7: Энхцэцэг | G7: =VLOOKUP($B7,Day2!$A$1:$H$400,4,FALSE()) -> 7 | H7: =VLOOKUP($B7,Day2!$A$1:$H$400,5,FALSE()) -> 0 | I7: =VLOOKUP($B7,Day2!$A$1:$H$400,6,FALSE()) -> 1 | J7: =VLOOKUP($B7,Day2!$A$1:$H$400,7,FALSE()) -> 5 | K7: =SUM(G7:J7) -> 13 | L7: =ROMAN(RANK(K7,$K$4:$K$46,0)) -> III
A8: 7 | B8: 231981 | C8: S | D8: Жаргалант сумын 1-р сургууль | E8: Лхагвадорж | F8: Баярзаяа | G8: =VLOOKUP($B8,Day2!$A$1:$H$400,4,FALSE()) -> 7 | H8: =VLOOKUP($B8,Day2!$A$1:$H$400,5,FALSE()) -> 0 | I8: =VLOOKUP($B8,Day2!$A$1:$H$400,6,FALSE()) -> 1 | J8: =VLOOKUP($B8,Day2!$A$1:$H$400,7,FALSE()) -> 4 | K8: =SUM(G8:J8) -> 12 | L8: =ROMAN(RANK(K8,$K$4:$K$46,0)) -> V
A9: 8 | B9: 232137 | C9: S | D9: Дарви сумын сургууль | E9: Даваа | F9: Цэцэгжаргал | G9: =VLOOKUP($B9,Day2!$A$1:$H$400,4,FALSE()) -> 7 | H9: =VLOOKUP($B9,Day2!$A$1:$H$400,5,FALSE()) -> 0 | I9: =VLOOKUP($B9,Day2!$A$1:$H$400,6,FALSE()) -> 0 | J9: =VLOOKUP($B9,Day2!$A$1:$H$400,7,FALSE()) -> 4 | K9: =SUM(G9:J9) -> 11 | L9: =ROMAN(RANK(K9,$K$4:$K$46,0)) -> VI
A10: 9 | B10: 232149 | C10: S | D10: Дарви сумын сургууль | E10: Барсболд | F10: Янжинхорол | G10: =VLOOKUP($B10,Day2!$A$1:$H$400,4,FALSE()) -> 7 | H10: =VLOOKUP($B10,Day2!$A$1:$H$400,5,FALSE()) -> 0 | I10: =VLOOKUP($B10,Day2!$A$1:$H$400,6,FALSE()) -> 0 | J10: =VLOOKUP($B10,Day2!$A$1:$H$400,7,FALSE()) -> 4 | K10: =SUM(G10:J10) -> 11 | L10: =ROMAN(RANK(K10,$K$4:$K$46,0)) -> VI
A11: 10 | B11: 232058 | C11: S | D11: Дөргөн сумын сургууль | E11: Мишка | F11: Соёлмаа | G11: =VLOOKUP($B11,Day2!$A$1:$H$400,4,FALSE()) -> 7 | H11: =VLOOKUP($B11,Day2!$A$1:$H$400,5,FALSE()) -> 0 | I11: =VLOOKUP($B11,Day2!$A$1:$H$400,6,FALSE()) -> 0 | J11: =VLOOKUP($B11,Day2!$A$1:$H$400,7,FALSE()) -> 3 | K11: =SUM(G11:J11) -> 10 | L11: =ROMAN(RANK(K11,$K$4:$K$46,0)) -> VIII
A12: 11 | B12: 101655 | C12: S | D12: Жаргалант сумын 3-р сургууль | E12: Гангаа | F12: Ариунаа | G12: =VLOOKUP($B12,Day2!$A$1:$H$400,4,FALSE()) -> 7 | H12: =VLOOKUP($B12,Day2!$A$1:$H$400,5,FALSE()) -> 0 | I12: =VLOOKUP($B12,Day2!$A$1:$H$400,6,FALSE()) -> 0 | J12: =VLOOKUP($B12,Day2!$A$1:$H$400,7,FALSE()) -> 3 | K12: =SUM(G12:J12) -> 10 | L12: =ROMAN(RANK(K12,$K$4:$K$46,0)) -> VIII
A13: 12 | B13: 9944 | C13: S | D13: Жаргалант сумын 6-р сургууль | E13: Баатаржав | F13: Бямбахүү | G13: =VLOOKUP($B13,Day2!$A$1:$H$400,4,FALSE()) -> 7 | H13: =VLOOKUP($B13,Day2!$A$1:$H$400,5,FALSE()) -> 0 | I13: =VLOOKUP($B13,Day2!$A$1:$H$400,6,FALSE()) -> 0 | J13: =VLOOKUP($B13,Day2!$A$1:$H$400,7,FALSE()) -> 3 | K13: =SUM(G13:J13) -> 10 | L13: =ROMAN(RANK(K13,$K$4:$K$46,0)) -> VIII
A14: 13 | B14: 231999 | C14: S | D14: Жаргалант сумын Цаст-Алтай сургууль | E14: Чулуундорж | F14: Дүүрэнжаргал | G14: =VLOOKUP($B14,Day2!$A$1:$H$400,4,FALSE()) -> 7 | H14: =VLOOKUP($B14,Day2!$A$1:$H$400,5,FALSE()) -> 0 | I14: =VLOOKUP($B14,Day2!$A$1:$H$400,6,FALSE()) -> 0 | J14: =VLOOKUP($B14,Day2!$A$1:$H$400,7,FALSE()) -> 3 | K14: =SUM(G14:J14) -> 10 | L14: =ROMAN(RANK(K14,$K$4:$K$46,0)) -> VIII
A15: 14 | B15: 232005 | C15: S | D15: Мөст сумын сургууль | E15: Баттулга | F15: Цэрэнпил | G15: =VLOOKUP($B15,Day2!$A$1:$H$400,4,FALSE()) -> 7 | H15: =VLOOKUP($B15,Day2!$A$1:$H$400,5,FALSE()) -> 0 | I15: =VLOOKUP($B15,Day2!$A$1:$H$400,6,FALSE()) -> 0 | J15: =VLOOKUP($B15,Day2!$A$1:$H$400,7,FALSE()) -> 3 | K15: =SUM(G15:J15) -> 10 | L15: =ROMAN(RANK(K15,$K$4:$K$46,0)) -> VIII
... A46: 56 | B46: 231994 | C46: S | D46: Цэцэг сумын сургууль | E46: Пүрэвдорж | F46: Отгонтуул | G46: =VLOOKUP($B46,Day2!$A$1:$H$400,4,FALSE()) -> 0 | H46: =VLOOKUP($B46,Day2!$A$1:$H$400,5,FALSE()) -> 0 | I46: =VLOOKUP($B46,Day2!$A$1:$H$400,6,FALSE()) -> 0 | J46: =VLOOKUP($B46,Day2!$A$1:$H$400,7,FALSE()) -> 0 | K46: =SUM(G46:J46) -> 0 | L46: =ROMAN(RANK(K46,$K$4:$K$46,0)) -> XL
B48: Олимпиадыг авсан багш: М.Түмэнбаяр, Т.Пүрэвсүрэн
B49: Олимпиадыг зассан багш: Х.Лхамсүрэн, Б.Энхзаяа

Sheet T
A1: Монголын математикийн 62-р олимпиадын дүн
H2: Ангилал: T(дундын багш)
A3: ID | B3: Сургууль | C3: Овог | D3: Нэр | E3: Бод-1 | F3: Бод-2 | G3: Бод-3 | H3: Бод-4 | I3: Бод-5 | J3: Бод-6 | K3: НИЙТ оноо | L3: Эзэлсэн байр
A4: 101189 | B4: Цэцэг сумын сургууль | C4: Багдат | D4: Еркехулан | E4: =VLOOKUP($A4,Day1!$A$1:$H$394,4,FALSE()) -> 7 | F4: =VLOOKUP($A4,Day1!$A$1:$H$394,5,FALSE()) -> 7 | G4: =VLOOKUP($A4,Day1!$A$1:$H$394,6,FALSE()) -> 0 | H4: =VLOOKUP($A4,Day2!$A$1:$H$400,4,FALSE()) -> 7 | I4: =VLOOKUP($A4,Day2!$A$1:$H$400,5,FALSE()) -> 6 | J4: =VLOOKUP($A4,Day2!$A$1:$H$400,6,FALSE()) -> 0 | K4: =SUM(E4:J4) -> 27 | L4: =ROMAN(RANK(K4,$K$4:$K$40,0)) -> I
A5: 4060 | B5: Жаргалант сумын Цаст-Алтай сургууль | C5: Даваасүрэн | D5: Баасанжав | E5: =VLOOKUP($A5,Day1!$A$1:$H$394,4,FALSE()) -> 7 | F5: =VLOOKUP($A5,Day1!$A$1:$H$394,5,FALSE()) -> 7 | G5: =VLOOKUP($A5,Day1!$A$1:$H$394,6,FALSE()) -> 0 | H5: =VLOOKUP($A5,Day2!$A$1:$H$400,4,FALSE()) -> 7 | I5: =VLOOKUP($A5,Day2!$A$1:$H$400,5,FALSE()) -> 2 | J5: =VLOOKUP($A5,Day2!$A$1:$H$400,6,FALSE()) -> 1 | K5: =SUM(E5:J5) -> 24 | L5: =ROMAN(RANK(K5,$K$4:$K$40,0)) -> II
A6: 273 | B6: Жаргалант сумын Прогресс сургууль | C6: Эрдэнэчимэг | D6: Цэгмэд | E6: =VLOOKUP($A6,Day1!$A$1:$H$394,4,FALSE()) -> 7 | F6: =VLOOKUP($A6,Day1!$A$1:$H$394,5,FALSE()) -> 7 | G6: =VLOOKUP($A6,Day1!$A$1:$H$394,6,FALSE()) -> 0 | H6: =VLOOKUP($A6,Day2!$A$1:$H$400,4,FALSE()) -> 7 | I6: =VLOOKUP($A6,Day2!$A$1:$H$400,5,FALSE()) -> 2 | J6: =VLOOKUP($A6,Day2!$A$1:$H$400,6,FALSE()) -> 0 | K6: =SUM(E6:J6) -> 23 | L6: =ROMAN(RANK(K6,$K$4:$K$40,0)) -> III
A7: 99922 | B7: Жаргалант сумын 3-р сургууль | C7: Хашбаатар | D7: Лхамсүрэн | E7: =VLOOKUP($A7,Day1!$A$1:$H$394,4,FALSE()) -> 7 | F7: =VLOOKUP($A7,Day1!$A$1:$H$394,5,FALSE()) -> 1 | G7: =VLOOKUP($A7,Day1!$A$1:$H$394,6,FALSE()) -> 0 | H7: =VLOOKUP($A7,Day2!$A$1:$H$400,4,FALSE()) -> 7 | I7: =VLOOKUP($A7,Day2!$A$1:$H$400,5,FALSE()) -> 4 | J7: =VLOOKUP($A7,Day2!$A$1:$H$400,6,FALSE()) -> 0 | K7: =SUM(E7:J7) -> 19 | L7: =ROMAN(RANK(K7,$K$4:$K$40,0)) -> IV
A8: 4235 | B8: Жаргалант сумын Прогресс сургууль | C8: Баатарсүрэн | D8: Ганбаяр | E8: =VLOOKUP($A8,Day1!$A$1:$H$394,4,FALSE()) -> 7 | F8: =VLOOKUP($A8,Day1!$A$1:$H$394,5,FALSE()) -> 1 | G8: =VLOOKUP($A8,Day1!$A$1:$H$394,6,FALSE()) -> 0 | H8: =VLOOKUP($A8,Day2!$A$1:$H$400,4,FALSE()) -> 7 | I8: =VLOOKUP($A8,Day2!$A$1:$H$400,5,FALSE()) -> 2 | J8: =VLOOKUP($A8,Day2!$A$1:$H$400,6,FALSE()) -> 0 | K8: =SUM(E8:J8) -> 17 | L8: =ROMAN(RANK(K8,$K$4:$K$40,0)) -> V
A9: 99291 | B9: Жаргалант сумын 7-р сургууль | C9: Шагдарсүрэн | D9: Хишигсүрэн | E9: =VLOOKUP($A9,Day1!$A$1:$H$394,4,FALSE()) -> 4 | F9: =VLOOKUP($A9,Day1!$A$1:$H$394,5,FALSE()) -> 1 | G9: =VLOOKUP($A9,Day1!$A$1:$H$394,6,FALSE()) -> 0 | H9: =VLOOKUP($A9,Day2!$A$1:$H$400,4,FALSE()) -> 7 | I9: =VLOOKUP($A9,Day2!$A$1:$H$400,5,FALSE()) -> 2 | J9: =VLOOKUP($A9,Day2!$A$1:$H$400,6,FALSE()) -> 0 | K9: =SUM(E9:J9) -> 14 | L9: =ROMAN(RANK(K9,$K$4:$K$40,0)) -> VI
A10: 6001 | B10: Жаргалант сумын 2-р сургууль | C10: Тойлхан | D10: Бекежан | E10: =VLOOKUP($A10,Day1!$A$1:$H$394,4,FALSE()) -> 4 | F10: =VLOOKUP($A10,Day1!$A$1:$H$394,5,FALSE()) -> 1 | G10: =VLOOKUP($A10,Day1!$A$1:$H$394,6,FALSE()) -> 0 | H10: =VLOOKUP($A10,Day2!$A$1:$H$400,4,FALSE()) -> 7 | I10: =VLOOKUP($A10,Day2!$A$1:$H$400,5,FALSE()) -> 0 | J10: =VLOOKUP($A10,Day2!$A$1:$H$400,6,FALSE()) -> 0 | K10: =SUM(E10:J10) -> 12 | L10: =ROMAN(RANK(K10,$K$4:$K$40,0)) -> VII
A11: 232105 | B11: Манхан сумын сургууль | C11: Цогтгэрэл | D11: Ганцэцэг | E11: =VLOOKUP($A11,Day1!$A$1:$H$394,4,FALSE()) -> 3 | F11: =VLOOKUP($A11,Day1!$A$1:$H$394,5,FALSE()) -> 1 | G11: =VLOOKUP($A11,Day1!$A$1:$H$394,6,FALSE()) -> 0 | H11: =VLOOKUP($A11,Day2!$A$1:$H$400,4,FALSE()) -> 7 | I11: =VLOOKUP($A11,Day2!$A$1:$H$400,5,FALSE()) -> 1 | J11: =VLOOKUP($A11,Day2!$A$1:$H$400,6,FALSE()) -> 0 | K11: =SUM(E11:J11) -> 12 | L11: =ROMAN(RANK(K11,$K$4:$K$40,0)) -> VII
A12: 107321 | B12: Жаргалант сумын 1-р сургууль | C12: Баатаржав | D12: Төртогтох | E12: =VLOOKUP($A12,Day1!$A$1:$H$394,4,FALSE()) -> 7 | F12: =VLOOKUP($A12,Day1!$A$1:$H$394,5,FALSE()) -> 1 | G12: =VLOOKUP($A12,Day1!$A$1:$H$394,6,FALSE()) -> 0 | H12: =VLOOKUP($A12,Day2!$A$1:$H$400,4,FALSE()) -> 1 | I12: =VLOOKUP($A12,Day2!$A$1:$H$400,5,FALSE()) -> 2 | J12: =VLOOKUP($A12,Day2!$A$1:$H$400,6,FALSE()) -> 0 | K12: =SUM(E12:J12) -> 11 | L12: =ROMAN(RANK(K12,$K$4:$K$40,0)) -> IX
A13: 133459 | B13: Жаргалант сумын 1-р сургууль | C13: Номт | D13: Үржинбат | E13: =VLOOKUP($A13,Day1!$A$1:$H$394,4,FALSE()) -> 3 | F13: =VLOOKUP($A13,Day1!$A$1:$H$394,5,FALSE()) -> 0 | G13: =VLOOKUP($A13,Day1!$A$1:$H$394,6,FALSE()) -> 0 | H13: =VLOOKUP($A13,Day2!$A$1:$H$400,4,FALSE()) -> 7 | I13: =VLOOKUP($A13,Day2!$A$1:$H$400,5,FALSE()) -> 0 | J13: =VLOOKUP($A13,Day2!$A$1:$H$400,6,FALSE()) -> 0 | K13: =SUM(E13:J13) -> 10 | L13: =ROMAN(RANK(K13,$K$4:$K$40,0)) -> X
A14: 107329 | B14: Зэрэг сумын сургууль | C14: Авирмэд | D14: Төмөрчөдөр | E14: =VLOOKUP($A14,Day1!$A$1:$H$394,4,FALSE()) -> 2 | F14: =VLOOKUP($A14,Day1!$A$1:$H$394,5,FALSE()) -> 1 | G14: =VLOOKUP($A14,Day1!$A$1:$H$394,6,FALSE()) -> 0 | H14: =VLOOKUP($A14,Day2!$A$1:$H$400,4,FALSE()) -> 7 | I14: =VLOOKUP($A14,Day2!$A$1:$H$400,5,FALSE()) -> 0 | J14: =VLOOKUP($A14,Day2!$A$1:$H$400,6,FALSE()) -> 0 | K14: =SUM(E14:J14) -> 10 | L14: =ROMAN(RANK(K14,$K$4:$K$40,0)) -> X
A15: 113019 | B15: Буянт сумын сургууль | C15: Алмахан | D15: Арман | E15: =VLOOKUP($A15,Day1!$A$1:$H$394,4,FALSE()) -> 0.5 | F15: =VLOOKUP($A15,Day1!$A$1:$H$394,5,FALSE()) -> 1 | G15: =VLOOKUP($A15,Day1!$A$1:$H$394,6,FALSE()) -> 0 | H15: =VLOOKUP($A15,Day2!$A$1:$H$400,4,FALSE()) -> 7 | I15: =VLOOKUP($A15,Day2!$A$1:$H$400,5,FALSE()) -> 0 | J15: =VLOOKUP($A15,Day2!$A$1:$H$400,6,FALSE()) -> 0 | K15: =SUM(E15:J15) -> 8.5 | L15: =ROMAN(RANK(K15,$K$4:$K$40,0)) -> XII
... A27: 107334 | B27: Үенч сумын сургууль | C27: Эрдэнэбаяр | D27: Батхуяг | E27: =VLOOKUP($A27,Day1!$A$1:$H$394,4,FALSE()) -> 0.5 | F27: =VLOOKUP($A27,Day1!$A$1:$H$394,5,FALSE()) -> 0 | G27: =VLOOKUP($A27,Day1!$A$1:$H$394,6,FALSE()) -> 0 | H27: =VLOOKUP($A27,Day2!$A$1:$H$400,4,FALSE()) -> 2 | I27: =VLOOKUP($A27,Day2!$A$1:$H$400,5,FALSE()) -> 0 | J27: =VLOOKUP($A27,Day2!$A$1:$H$400,6,FALSE()) -> 0 | K27: =SUM(E27:J27) -> 2.5 | L27: =ROMAN(RANK(K27,$K$4:$K$40,0)) -> XXIII
A28: 232056 | B28: Дөргөн сумын сургууль | C28: Төмөрбаатар | D28: Давгадорж | E28: =VLOOKUP($A28,Day1!$A$1:$H$394,4,FALSE()) -> 2 | F28: =VLOOKUP($A28,Day1!$A$1:$H$394,5,FALSE()) -> 0 | G28: =VLOOKUP($A28,Day1!$A$1:$H$394,6,FALSE()) -> 0 | K28: =SUM(E28:J28) -> 2 | L28: =ROMAN(RANK(K28,$K$4:$K$40,0)) -> XXV
A29: 128152 | B29: Булган сумын 1-р сургууль | C29: Шүхэр | D29: Ансагаан | E29: =VLOOKUP($A29,Day1!$A$1:$H$394,4,FALSE()) -> 1 | F29: =VLOOKUP($A29,Day1!$A$1:$H$394,5,FALSE()) -> 0 | G29: =VLOOKUP($A29,Day1!$A$1:$H$394,6,FALSE()) -> 0 | H29: =VLOOKUP($A29,Day2!$A$1:$H$400,4,FALSE()) -> 0 | I29: =VLOOKUP($A29,Day2!$A$1:$H$400,5,FALSE()) -> 1 | J29: =VLOOKUP($A29,Day2!$A$1:$H$400,6,FALSE()) -> 0 | K29: =SUM(E29:J29) -> 2 | L29: =ROMAN(RANK(K29,$K$4:$K$40,0)) -> XXV
A30: 196774 | B30: Булган сумын 1-р сургууль | C30: Хамсбай | D30: Онгорбай | E30: =VLOOKUP($A30,Day1!$A$1:$H$394,4,FALSE()) -> 1 | F30: =VLOOKUP($A30,Day1!$A$1:$H$394,5,FALSE()) -> 0 | G30: =VLOOKUP($A30,Day1!$A$1:$H$394,6,FALSE()) -> 0 | H30: =VLOOKUP($A30,Day2!$A$1:$H$400,4,FALSE()) -> 1 | I30: =VLOOKUP($A30,Day2!$A$1:$H$400,5,FALSE()) -> 0 | J30: =VLOOKUP($A30,Day2!$A$1:$H$400,6,FALSE()) -> 0 | K30: =SUM(E30:J30) -> 2 | L30: =ROMAN(RANK(K30,$K$4:$K$40,0)) -> XXV
A31: 107327 | B31: Жаргалант сумын МУИС-ын баруун бүсийн ахлах сургууль | C31: Зогсоо | D31: Бямбарагчаа | E31: =VLOOKUP($A31,Day1!$A$1:$H$394,4,FALSE()) -> 0.5 | F31: =VLOOKUP($A31,Day1!$A$1:$H$394,5,FALSE()) -> 1 | G31: =VLOOKUP($A31,Day1!$A$1:$H$394,6,FALSE()) -> 0 | H31: =VLOOKUP($A31,Day2!$A$1:$H$400,4,FALSE()) -> 0 | I31: =VLOOKUP($A31,Day2!$A$1:$H$400,5,FALSE()) -> 0 | J31: =VLOOKUP($A31,Day2!$A$1:$H$400,6,FALSE()) -> 0 | K31: =SUM(E31:J31) -> 1.5 | L31: =ROMAN(RANK(K31,$K$4:$K$40,0)) -> XXVIII
A32: 99109 | B32: Жаргалант сумын Цаст-Алтай сургууль | C32: Лхагвадорж | D32: Даваасүрэн | E32: =VLOOKUP($A32,Day1!$A$1:$H$394,4,FALSE()) -> 0.5 | F32: =VLOOKUP($A32,Day1!$A$1:$H$394,5,FALSE()) -> 1 | G32: =VLOOKUP($A32,Day1!$A$1:$H$394,6,FALSE()) -> 0 | K32: =SUM(E32:J32) -> 1.5 | L32: =ROMAN(RANK(K32,$K$4:$K$40,0)) -> XXVIII
A33: 231996 | B33: Мөст сумын сургууль | C33: Далхаа | D33: Намхайцэрэн | E33: =VLOOKUP($A33,Day1!$A$1:$H$394,4,FALSE()) -> 1 | F33: =VLOOKUP($A33,Day1!$A$1:$H$394,5,FALSE()) -> 0 | G33: =VLOOKUP($A33,Day1!$A$1:$H$394,6,FALSE()) -> 0 | H33: =VLOOKUP($A33,Day2!$A$1:$H$400,4,FALSE()) -> 0 | I33: =VLOOKUP($A33,Day2!$A$1:$H$400,5,FALSE()) -> 0 | J33: =VLOOKUP($A33,Day2!$A$1:$H$400,6,FALSE()) -> 0 | K33: =SUM(E33:J33) -> 1 | L33: =ROMAN(RANK(K33,$K$4:$K$40,0)) -> XXX
A34: 231833 | B34: Үенч сумын сургууль | C34: Цахиуртай | D34: Цэнгэлмаа | E34: =VLOOKUP($A34,Day1!$A$1:$H$394,4,FALSE()) -> 0 | F34: =VLOOKUP($A34,Day1!$A$1:$H$394,5,FALSE()) -> 0 | G34: =VLOOKUP($A34,Day1!$A$1:$H$394,6,FALSE()) -> 0 | H34: =VLOOKUP($A34,Day2!$A$1:$H$400,4,FALSE()) -> 0 | I34: =VLOOKUP($A34,Day2!$A$1:$H$400,5,FALSE()) -> 1 | J34: =VLOOKUP($A34,Day2!$A$1:$H$400,6,FALSE()) -> 0 | K34: =SUM(E34:J34) -> 1 | L34: =ROMAN(RANK(K34,$K$4:$K$40,0)) -> XXX
A35: 107318 | B35: Дарви сумын сургууль | C35: Лхагвасүрэн | D35: Мягмарсүрэн | E35: =VLOOKUP($A35,Day1!$A$1:$H$394,4,FALSE()) -> 0.5 | F35: =VLOOKUP($A35,Day1!$A$1:$H$394,5,FALSE()) -> 0 | G35: =VLOOKUP($A35,Day1!$A$1:$H$394,6,FALSE()) -> 0 | K35: =SUM(E35:J35) -> 0.5 | L35: =ROMAN(RANK(K35,$K$4:$K$40,0)) -> XXXII
A36: 177724 | B36: Жаргалант сумын 7-р сургууль | C36: Ганбаатар | D36: Наранцацрал | E36: =VLOOKUP($A36,Day1!$A$1:$H$394,4,FALSE()) -> 0.5 | F36: =VLOOKUP($A36,Day1!$A$1:$H$394,5,FALSE()) -> 0 | G36: =VLOOKUP($A36,Day1!$A$1:$H$394,6,FALSE()) -> 0 | H36: =VLOOKUP($A36,Day2!$A$1:$H$400,4,FALSE()) -> 0 | I36: =VLOOKUP($A36,Day2!$A$1:$H$400,5,FALSE()) -> 0 | J36: =VLOOKUP($A36,Day2!$A$1:$H$400,6,FALSE()) -> 0 | K36: =SUM(E36:J36) -> 0.5 | L36: =ROMAN(RANK(K36,$K$4:$K$40,0)) -> XXXII
A37: 194915 | B37: Манхан сумын сургууль | C37: Баатарсүрэн | D37: Ганцэцэг | E37: =VLOOKUP($A37,Day1!$A$1:$H$394,4,FALSE()) -> 0.5 | F37: =VLOOKUP($A37,Day1!$A$1:$H$394,5,FALSE()) -> 0 | G37: =VLOOKUP($A37,Day1!$A$1:$H$394,6,FALSE()) -> 0 | H37: =VLOOKUP($A37,Day2!$A$1:$H$400,4,FALSE()) -> 0 | I37: =VLOOKUP($A37,Day2!$A$1:$H$400,5,FALSE()) -> 0 | J37: =VLOOKUP($A37,Day2!$A$1:$H$400,6,FALSE()) -> 0 | K37: =SUM(E37:J37) -> 0.5 | L37: =ROMAN(RANK(K37,$K$4:$K$40,0)) -> XXXII
A38: 232109 | B38: Мянган-Эрдэм төв | C38: Буянтогтох | D38: Энхбаяр | E38: =VLOOKUP($A38,Day1!$A$1:$H$394,4,FALSE()) -> 0.5 | F38: =VLOOKUP($A38,Day1!$A$1:$H$394,5,FALSE()) -> 0 | G38: =VLOOKUP($A38,Day1!$A$1:$H$394,6,FALSE()) -> 0 | K38: =SUM(E38:J38) -> 0.5 | L38: =ROMAN(RANK(K38,$K$4:$K$40,0)) -> XXXII
A39: 181836 | B39: Дуут сумын сургууль | C39: Гомбожав | D39: Оюунхүү | E39: =VLOOKUP($A39,Day1!$A$1:$H$394,4,FALSE()) -> 0 | F39: =VLOOKUP($A39,Day1!$A$1:$H$394,5,FALSE()) -> 0 | G39: =VLOOKUP($A39,Day1!$A$1:$H$394,6,FALSE()) -> 0 | K39: =SUM(E39:J39) -> 0 | L39: =ROMAN(RANK(K39,$K$4:$K$40,0)) -> XXXVI
A40: 177741 | B40: Жаргалант сумын 2-р сургууль | C40: Бат-Эрдэнэ | D40: Саруултунгалаг | E40: =VLOOKUP($A40,Day1!$A$1:$H$394,4,FALSE()) -> 0 | F40: =VLOOKUP($A40,Day1!$A$1:$H$394,5,FALSE()) -> 0 | G40: =VLOOKUP($A40,Day1!$A$1:$H$394,6,FALSE()) -> 0 | K40: =SUM(E40:J40) -> 0 | L40: =ROMAN(RANK(K40,$K$4:$K$40,0)) -> XXXVI
A41: 99373 | B41: Жаргалант сумын Цаст-Алтай сургууль | C41: Төмөрцооз | D41: Саранчимэг | E41: =VLOOKUP($A41,Day1!$A$1:$H$394,4,FALSE()) -> 0 | F41: =VLOOKUP($A41,Day1!$A$1:$H$394,5,FALSE()) -> 0 | G41: =VLOOKUP($A41,Day1!$A$1:$H$394,6,FALSE()) -> 0 | K41: =SUM(E41:J41) -> 0 | L41: =ROMAN(RANK(K41,$K$4:$K$40,0)) -> XXXVI
B44: Олимпиадыг авсан багш: С.Саранзаяа, Б.Отгонзаяа
B45: Олимпиадыг зассан багш: Д.Баасанжав, Н.Үржинбат

Sheet 10-р анги өдөр-1
A2: ID | B2: Ангилал | C2: Сургууль | D2: Нэр | E2: Овог | F2: ID | G2: Тоо (G) | H2: Бүлэг (H) | I2: Бод-1 | J2: Бод-2 | K2: Бод-3 | L2: Бод-4 | M2: НИЙТ оноо | N2: Эзэлсэн байр
A3: 118196 | B3: E(10-р анги) II-I | C3: Цэцэг сумын сургууль | D3: Лхагважаргал | E3: Гансүх | F3: 118196 | G3: 10-р анги | H3: б | I3: =VLOOKUP($A3,Day1!$A$1:$H$394,4,FALSE()) -> 7 | J3: =VLOOKUP($A3,Day1!$A$1:$H$394,5,FALSE()) -> 2 | K3: =VLOOKUP($A3,Day1!$A$1:$H$394,6,FALSE()) -> 0 | L3: =VLOOKUP($A3,Day1!$A$1:$H$394,7,FALSE()) -> 0 | M3: =SUM(I3:L3) -> 9 | N3: =ROMAN(RANK(M3,$M$3:$M$25,0)) -> IX
A4: 119856 | B4: E(10-р анги) II-I | C4: Цэцэг сумын сургууль | D4: Жавхлант | E4: Оролмаа | F4: 119856 | G4: 10-р анги | H4: а | I4: =VLOOKUP($A4,Day1!$A$1:$H$394,4,FALSE()) -> 0 | J4: =VLOOKUP($A4,Day1!$A$1:$H$394,5,FALSE()) -> 0 | K4: =VLOOKUP($A4,Day1!$A$1:$H$394,6,FALSE()) -> 0 | L4: =VLOOKUP($A4,Day1!$A$1:$H$394,7,FALSE()) -> 0 | M4: =SUM(I4:L4) -> 0 | N4: =ROMAN(RANK(M4,$M$3:$M$25,0)) -> XXI
A5: 81436 | B5: E(10-р анги) II-I | C5: Жаргалант сумын Прогресс сургууль | D5: Тэмүүжин | E5: Энхболд | F5: 81436 | G5: 10-р анги | H5: г | I5: =VLOOKUP($A5,Day1!$A$1:$H$394,4,FALSE()) -> 7 | J5: =VLOOKUP($A5,Day1!$A$1:$H$394,5,FALSE()) -> 3 | K5: =VLOOKUP($A5,Day1!$A$1:$H$394,6,FALSE()) -> 0 | L5: =VLOOKUP($A5,Day1!$A$1:$H$394,7,FALSE()) -> 0 | M5: =SUM(I5:L5) -> 10 | N5: =ROMAN(RANK(M5,$M$3:$M$25,0)) -> VI
A6: 73757 | B6: E(10-р анги) II-I | C6: Жаргалант сумын 6-р сургууль | D6: Тэргэл | E6: Даваасүрэн | F6: 73757 | G6: 10-р анги | H6: а | I6: =VLOOKUP($A6,Day1!$A$1:$H$394,4,FALSE()) -> 7 | J6: =VLOOKUP($A6,Day1!$A$1:$H$394,5,FALSE()) -> 3 | K6: =VLOOKUP($A6,Day1!$A$1:$H$394,6,FALSE()) -> 0 | L6: =VLOOKUP($A6,Day1!$A$1:$H$394,7,FALSE()) -> 0 | M6: =SUM(I6:L6) -> 10 | N6: =ROMAN(RANK(M6,$M$3:$M$25,0)) -> VI
A7: 119874 | B7: E(10-р анги) II-I | C7: Цэцэг сумын сургууль | D7: Чингүүн | E7: Нямдорж | F7: 119874 | G7: 10-р анги | H7: а | I7: =VLOOKUP($A7,Day1!$A$1:$H$394,4,FALSE()) -> 7 | J7: =VLOOKUP($A7,Day1!$A$1:$H$394,5,FALSE()) -> 3 | K7: =VLOOKUP($A7,Day1!$A$1:$H$394,6,FALSE()) -> 0 | L7: =VLOOKUP($A7,Day1!$A$1:$H$394,7,FALSE()) -> 0 | M7: =SUM(I7:L7) -> 10 | N7: =ROMAN(RANK(M7,$M$3:$M$25,0)) -> VI
A8: 81407 | B8: E(10-р анги) II-I | C8: Жаргалант сумын Прогресс сургууль | D8: Төгсжаргал | E8: Сэр-Од | F8: 81407 | G8: 10-р анги | H8: г | I8: =VLOOKUP($A8,Day1!$A$1:$H$394,4,FALSE()) -> 7 | J8: =VLOOKUP($A8,Day1!$A$1:$H$394,5,FALSE()) -> 7 | K8: =VLOOKUP($A8,Day1!$A$1:$H$394,6,FALSE()) -> 0 | L8: =VLOOKUP($A8,Day1!$A$1:$H$394,7,FALSE()) -> 0 | M8: =SUM(I8:L8) -> 14 | N8: =ROMAN(RANK(M8,$M$3:$M$25,0)) -> I
A9: 96536 | B9: E(10-р анги) II-I | C9: Жаргалант сумын 6-р сургууль | D9: Ариунжаргал | E9: Баярмагнай | F9: 96536 | G9: 10-р анги | H9: а | I9: =VLOOKUP($A9,Day1!$A$1:$H$394,4,FALSE()) -> 0 | J9: =VLOOKUP($A9,Day1!$A$1:$H$394,5,FALSE()) -> 2 | K9: =VLOOKUP($A9,Day1!$A$1:$H$394,6,FALSE()) -> 0 | L9: =VLOOKUP($A9,Day1!$A$1:$H$394,7,FALSE()) -> 0 | M9: =SUM(I9:L9) -> 2 | N9: =ROMAN(RANK(M9,$M$3:$M$25,0)) -> XVII
A10: 127016 | B10: E(10-р анги) II-I | C10: Цэцэг сумын сургууль | D10: Баянбуян | E10: Баатар | F10: 127016 | G10: 10-р анги | H10: а | I10: =VLOOKUP($A10,Day1!$A$1:$H$394,4,FALSE()) -> 0 | J10: =VLOOKUP($A10,Day1!$A$1:$H$394,5,FALSE()) -> 0 | K10: =VLOOKUP($A10,Day1!$A$1:$H$394,6,FALSE()) -> 0 | L10: =VLOOKUP($A10,Day1!$A$1:$H$394,7,FALSE()) -> 0 | M10: =SUM(I10:L10) -> 0 | N10: =ROMAN(RANK(M10,$M$3:$M$25,0)) -> XXI
A11: 187836 | B11: E(10-р анги) II-I | C11: Жаргалант сумын 1-р сургууль | D11: Нуршаш | E11: Айболат | F11: 187836 | G11: 10-р анги | H11: б | I11: =VLOOKUP($A11,Day1!$A$1:$H$394,4,FALSE()) -> 1 | J11: =VLOOKUP($A11,Day1!$A$1:$H$394,5,FALSE()) -> 3 | K11: =VLOOKUP($A11,Day1!$A$1:$H$394,6,FALSE()) -> 0 | L11: =VLOOKUP($A11,Day1!$A$1:$H$394,7,FALSE()) -> 0 | M11: =SUM(I11:L11) -> 4 | N11: =ROMAN(RANK(M11,$M$3:$M$25,0)) -> XV
A12: 51485 | B12: E(10-р анги) II-I | C12: Жаргалант сумын Цаст-Алтай сургууль | D12: Тэнүүннаран | E12: Отгонцоож | F12: 51485 | G12: 10-р анги | H12: а | I12: =VLOOKUP($A12,Day1!$A$1:$H$394,4,FALSE()) -> 4 | J12: =VLOOKUP($A12,Day1!$A$1:$H$394,5,FALSE()) -> 0 | K12: =VLOOKUP($A12,Day1!$A$1:$H$394,6,FALSE()) -> 0 | L12: =VLOOKUP($A12,Day1!$A$1:$H$394,7,FALSE()) -> 0 | M12: =SUM(I12:L12) -> 4 | N12: =ROMAN(RANK(M12,$M$3:$M$25,0)) -> XV
A13: 127024 | B13: E(10-р анги) II-I | C13: Цэцэг сумын сургууль | D13: Дашцэрэн | E13: Ганболд | F13: 127024 | G13: 10-р анги | H13: а | I13: =VLOOKUP($A13,Day1!$A$1:$H$394,4,FALSE()) -> 7 | J13: =VLOOKUP($A13,Day1!$A$1:$H$394,5,FALSE()) -> 0 | K13: =VLOOKUP($A13,Day1!$A$1:$H$394,6,FALSE()) -> 0 | L13: =VLOOKUP($A13,Day1!$A$1:$H$394,7,FALSE()) -> 0 | M13: =SUM(I13:L13) -> 7 | N13: =ROMAN(RANK(M13,$M$3:$M$25,0)) -> XII
A14: 52574 | B14: E(10-р анги) II-I | C14: Жаргалант сумын Цаст-Алтай сургууль | D14: Цэцэн | E14: Батням | F14: 52574 | G14: 10-р анги | H14: а | I14: =VLOOKUP($A14,Day1!$A$1:$H$394,4,FALSE()) -> 7 | J14: =VLOOKUP($A14,Day1!$A$1:$H$394,5,FALSE()) -> 2 | K14: =VLOOKUP($A14,Day1!$A$1:$H$394,6,FALSE()) -> 0 | L14: =VLOOKUP($A14,Day1!$A$1:$H$394,7,FALSE()) -> 0 | M14: =SUM(I14:L14) -> 9 | N14: =ROMAN(RANK(M14,$M$3:$M$25,0)) -> IX
... A43: 110925 | B43: E(10-р анги) II-I | C43: Алтай сумын сургууль | D43: Саруул | E43: Мягмаржав | F43: 110925 | G43: 10-р анги | H43: б | I43: =VLOOKUP($A43,Day1!$A$1:$H$394,4,FALSE()) -> 7 | J43: =VLOOKUP($A43,Day1!$A$1:$H$394,5,FALSE()) -> 4 | K43: =VLOOKUP($A43,Day1!$A$1:$H$394,6,FALSE()) -> 0 | L43: =VLOOKUP($A43,Day1!$A$1:$H$394,7,FALSE()) -> 0 | M43: =SUM(I43:L43) -> 11 | N43: =ROMAN(RANK(M43,$M$3:$M$25,0)) -> II

Sheet 10-р анги өдөр-2
A2: ID | B2: Ангилал | C2: Сургууль | D2: Нэр | E2: Овог | F2: ID | G2: Тоо (G) | H2: Бүлэг (H) | I2: Бод-1 | J2: Бод-2 | K2: Бод-3 | L2: НИЙТ оноо | M2: Эзэлсэн байр
A3: 118196 | B3: E(10-р анги) II-I | C3: Цэцэг сумын сургууль | D3: Лхагважаргал | E3: Гансүх | F3: 118196 | G3: 10-р анги | H3: б | I3: =VLOOKUP($A3,Day2!$A$1:$H$400,4,FALSE()) -> 0 | J3: =VLOOKUP($A3,Day2!$A$1:$H$400,5,FALSE()) -> 0 | K3: =VLOOKUP($A3,Day2!$A$1:$H$400,6,FALSE()) -> 0 | L3: =SUM(I3:K3) -> 0 | M3: =ROMAN(RANK(L3,$L$3:$L$25,0)) -> VIII
A4: 119856 | B4: E(10-р анги) II-I | C4: Цэцэг сумын сургууль | D4: Жавхлант | E4: Оролмаа | F4: 119856 | G4: 10-р анги | H4: а | I4: =VLOOKUP($A4,Day2!$A$1:$H$400,4,FALSE()) -> 0 | J4: =VLOOKUP($A4,Day2!$A$1:$H$400,5,FALSE()) -> 0 | K4: =VLOOKUP($A4,Day2!$A$1:$H$400,6,FALSE()) -> 0 | L4: =SUM(I4:K4) -> 0 | M4: =ROMAN(RANK(L4,$L$3:$L$25,0)) -> VIII
A5: 81436 | B5: E(10-р анги) II-I | C5: Жаргалант сумын Прогресс сургууль | D5: Тэмүүжин | E5: Энхболд | F5: 81436 | G5: 10-р анги | H5: г | I5: =VLOOKUP($A5,Day2!$A$1:$H$400,4,FALSE()) -> 0 | J5: =VLOOKUP($A5,Day2!$A$1:$H$400,5,FALSE()) -> 0 | K5: =VLOOKUP($A5,Day2!$A$1:$H$400,6,FALSE()) -> 7 | L5: =SUM(I5:K5) -> 7 | M5: =ROMAN(RANK(L5,$L$3:$L$25,0)) -> II
A6: 73757 | B6: E(10-р анги) II-I | C6: Жаргалант сумын 6-р сургууль | D6: Тэргэл | E6: Даваасүрэн | F6: 73757 | G6: 10-р анги | H6: а | I6: =VLOOKUP($A6,Day2!$A$1:$H$400,4,FALSE()) -> 1 | J6: =VLOOKUP($A6,Day2!$A$1:$H$400,5,FALSE()) -> 0 | K6: =VLOOKUP($A6,Day2!$A$1:$H$400,6,FALSE()) -> 0 | L6: =SUM(I6:K6) -> 1 | M6: =ROMAN(RANK(L6,$L$3:$L$25,0)) -> V
A7: 119874 | B7: E(10-р анги) II-I | C7: Цэцэг сумын сургууль | D7: Чингүүн | E7: Нямдорж | F7: 119874 | G7: 10-р анги | H7: а | I7: =VLOOKUP($A7,Day2!$A$1:$H$400,4,FALSE()) -> 0 | J7: =VLOOKUP($A7,Day2!$A$1:$H$400,5,FALSE()) -> 0 | K7: =VLOOKUP($A7,Day2!$A$1:$H$400,6,FALSE()) -> 0 | L7: =SUM(I7:K7) -> 0 | M7: =ROMAN(RANK(L7,$L$3:$L$25,0)) -> VIII
A8: 81407 | B8: E(10-р анги) II-I | C8: Жаргалант сумын Прогресс сургууль | D8: Төгсжаргал | E8: Сэр-Од | F8: 81407 | G8: 10-р анги | H8: г | I8: =VLOOKUP($A8,Day2!$A$1:$H$400,4,FALSE()) -> 6 | J8: =VLOOKUP($A8,Day2!$A$1:$H$400,5,FALSE()) -> 0 | K8: =VLOOKUP($A8,Day2!$A$1:$H$400,6,FALSE()) -> 7 | L8: =SUM(I8:K8) -> 13 | M8: =ROMAN(RANK(L8,$L$3:$L$25,0)) -> I
A9: 96536 | B9: E(10-р анги) II-I | C9: Жаргалант сумын 6-р сургууль | D9: Ариунжаргал | E9: Баярмагнай | F9: 96536 | G9: 10-р анги | H9: а | I9: =VLOOKUP($A9,Day2!$A$1:$H$400,4,FALSE()) -> 1 | J9: =VLOOKUP($A9,Day2!$A$1:$H$400,5,FALSE()) -> 0 | K9: =VLOOKUP($A9,Day2!$A$1:$H$400,6,FALSE()) -> 0 | L9: =SUM(I9:K9) -> 1 | M9: =ROMAN(RANK(L9,$L$3:$L$25,0)) -> V
A10: 127016 | B10: E(10-р анги) II-I | C10: Цэцэг сумын сургууль | D10: Баянбуян | E10: Баатар | F10: 127016 | G10: 10-р анги | H10: а | I10: =VLOOKUP($A10,Day2!$A$1:$H$400,4,FALSE()) -> 0 | J10: =VLOOKUP($A10,Day2!$A$1:$H$400,5,FALSE()) -> 0 | K10: =VLOOKUP($A10,Day2!$A$1:$H$400,6,FALSE()) -> 0 | L10: =SUM(I10:K10) -> 0 | M10: =ROMAN(RANK(L10,$L$3:$L$25,0)) -> VIII
A11: 187836 | B11: E(10-р анги) II-I | C11: Жаргалант сумын 1-р сургууль | D11: Нуршаш | E11: Айболат | F11: 187836 | G11: 10-р анги | H11: б | I11: =VLOOKUP($A11,Day2!$A$1:$H$400,4,FALSE()) -> 0 | J11: =VLOOKUP($A11,Day2!$A$1:$H$400,5,FALSE()) -> 0 | K11: =VLOOKUP($A11,Day2!$A$1:$H$400,6,FALSE()) -> 0 | L11: =SUM(I11:K11) -> 0 | M11: =ROMAN(RANK(L11,$L$3:$L$25,0)) -> VIII
A12: 51485 | B12: E(10-р анги) II-I | C12: Жаргалант сумын Цаст-Алтай сургууль | D12: Тэнүүннаран | E12: Отгонцоож | F12: 51485 | G12: 10-р анги | H12: а | I12: =VLOOKUP($A12,Day2!$A$1:$H$400,4,FALSE()) -> 0 | J12: =VLOOKUP($A12,Day2!$A$1:$H$400,5,FALSE()) -> 0 | K12: =VLOOKUP($A12,Day2!$A$1:$H$400,6,FALSE()) -> 0 | L12: =SUM(I12:K12) -> 0 | M12: =ROMAN(RANK(L12,$L$3:$L$25,0)) -> VIII
A13: 127024 | B13: E(10-р анги) II-I | C13: Цэцэг сумын сургууль | D13: Дашцэрэн | E13: Ганболд | F13: 127024 | G13: 10-р анги | H13: а | I13: =VLOOKUP($A13,Day2!$A$1:$H$400,4,FALSE()) -> 0 | J13: =VLOOKUP($A13,Day2!$A$1:$H$400,5,FALSE()) -> 0 | K13: =VLOOKUP($A13,Day2!$A$1:$H$400,6,FALSE()) -> 0 | L13: =SUM(I13:K13) -> 0 | M13: =ROMAN(RANK(L13,$L$3:$L$25,0)) -> VIII
A14: 52574 | B14: E(10-р анги) II-I | C14: Жаргалант сумын Цаст-Алтай сургууль | D14: Цэцэн | E14: Батням | F14: 52574 | G14: 10-р анги | H14: а | I14: =VLOOKUP($A14,Day2!$A$1:$H$400,4,FALSE()) -> 0 | J14: =VLOOKUP($A14,Day2!$A$1:$H$400,5,FALSE()) -> 0 | K14: =VLOOKUP($A14,Day2!$A$1:$H$400,6,FALSE()) -> 0 | L14: =SUM(I14:K14) -> 0 | M14: =ROMAN(RANK(L14,$L$3:$L$25,0)) -> VIII
... A43: 110925 | B43: E(10-р анги) II-I | C43: Алтай сумын сургууль | D43: Саруул | E43: Мягмаржав | F43: 110925 | G43: 10-р анги | H43: б | I43: =VLOOKUP($A43,Day2!$A$1:$H$400,4,FALSE()) -> 0 | J43: =VLOOKUP($A43,Day2!$A$1:$H$400,5,FALSE()) -> 0 | K43: =VLOOKUP($A43,Day2!$A$1:$H$400,6,FALSE()) -> 0 | L43: =SUM(I43:K43) -> 0 | M43: =ROMAN(RANK(L43,$L$3:$L$25,0)) -> VIII

Sheet 11-р анги өдөр-1
A2: ID | B2: Ангилал | C2: Сургууль | D2: Нэр | E2: Овог | F2: ID | G2: Тоо (G) | H2: Бүлэг (H) | I2: Бод-1 | J2: Бод-2 | K2: Бод-3 | L2: Бод-4 | M2: НИЙТ оноо | N2: Эзэлсэн байр
A3: 118283 | B3: F(11-р анги) II-I | C3: Цэцэг сумын сургууль | D3: Билэгжаргал | E3: Лхагва | F3: 118283 | G3: 11-р анги | H3: а | I3: =VLOOKUP($A3,Day1!$A$1:$H$394,4,FALSE()) -> 7 | J3: =VLOOKUP($A3,Day1!$A$1:$H$394,5,FALSE()) -> 2 | K3: =VLOOKUP($A3,Day1!$A$1:$H$394,6,FALSE()) -> 0 | L3: =VLOOKUP($A3,Day1!$A$1:$H$394,7,FALSE()) -> 0 | M3: =SUM(I3:L3) -> 9 | N3: =ROMAN(RANK(M3,$M$3:$M$28,0)) -> III
A4: 133671 | B4: F(11-р анги) II-I | C4: Манхан сумын сургууль | D4: Энхжин | E4: Мөнхтүвшин | F4: 133671 | G4: 11-р анги | H4: а | I4: =VLOOKUP($A4,Day1!$A$1:$H$394,4,FALSE()) -> 0 | J4: =VLOOKUP($A4,Day1!$A$1:$H$394,5,FALSE()) -> 2 | K4: =VLOOKUP($A4,Day1!$A$1:$H$394,6,FALSE()) -> 0 | L4: =VLOOKUP($A4,Day1!$A$1:$H$394,7,FALSE()) -> 0 | M4: =SUM(I4:L4) -> 2 | N4: =ROMAN(RANK(M4,$M$3:$M$28,0)) -> XI
A5: 139314 | B5: F(11-р анги) II-I | C5: Мөнххайрхан сумын сургууль | D5: Буяннэмэх | E5: Бат-Оргил | F5: 139314 | G5: 11-р анги | H5: а | I5: =VLOOKUP($A5,Day1!$A$1:$H$394,4,FALSE()) -> 0 | J5: =VLOOKUP($A5,Day1!$A$1:$H$394,5,FALSE()) -> 0 | K5: =VLOOKUP($A5,Day1!$A$1:$H$394,6,FALSE()) -> 0 | L5: =VLOOKUP($A5,Day1!$A$1:$H$394,7,FALSE()) -> 0 | M5: =SUM(I5:L5) -> 0 | N5: =ROMAN(RANK(M5,$M$3:$M$28,0)) -> XVI
A6: 74613 | B6: F(11-р анги) II-I | C6: Мөст сумын сургууль | D6: Батсүмбэр | E6: Баярсанаа | F6: 74613 | G6: 11-р анги | H6: а | I6: =VLOOKUP($A6,Day1!$A$1:$H$394,4,FALSE()) -> 0 | J6: =VLOOKUP($A6,Day1!$A$1:$H$394,5,FALSE()) -> 0 | K6: =VLOOKUP($A6,Day1!$A$1:$H$394,6,FALSE()) -> 0 | L6: =VLOOKUP($A6,Day1!$A$1:$H$394,7,FALSE()) -> 0 | M6: =SUM(I6:L6) -> 0 | N6: =ROMAN(RANK(M6,$M$3:$M$28,0)) -> XVI
A7: 118012 | B7: F(11-р анги) II-I | C7: Мянгад сумын сургууль | D7: Болортуяа | E7: Гансум | F7: 118012 | G7: 11-р анги | H7: а | I7: =VLOOKUP($A7,Day1!$A$1:$H$394,4,FALSE()) -> 0 | J7: =VLOOKUP($A7,Day1!$A$1:$H$394,5,FALSE()) -> 0 | K7: =VLOOKUP($A7,Day1!$A$1:$H$394,6,FALSE()) -> 0 | L7: =VLOOKUP($A7,Day1!$A$1:$H$394,7,FALSE()) -> 0 | M7: =SUM(I7:L7) -> 0 | N7: =ROMAN(RANK(M7,$M$3:$M$28,0)) -> XVI
A8: 186195 | B8: F(11-р анги) II-I | C8: Үенч сумын сургууль | D8: Энх-Ундрал | E8: Батзаяа | F8: 186195 | G8: 11-р анги | H8: а | I8: =VLOOKUP($A8,Day1!$A$1:$H$394,4,FALSE()) -> 0 | J8: =VLOOKUP($A8,Day1!$A$1:$H$394,5,FALSE()) -> 0 | K8: =VLOOKUP($A8,Day1!$A$1:$H$394,6,FALSE()) -> 0 | L8: =VLOOKUP($A8,Day1!$A$1:$H$394,7,FALSE()) -> 0 | M8: =SUM(I8:L8) -> 0 | N8: =ROMAN(RANK(M8,$M$3:$M$28,0)) -> XVI
A9: 115856 | B9: F(11-р анги) II-I | C9: Чандмань сумын сургууль | D9: Бямбадорж | E9: Цогбаяр | F9: 115856 | G9: 11-р анги | H9: а | I9: =VLOOKUP($A9,Day1!$A$1:$H$394,4,FALSE()) -> 7 | J9: =VLOOKUP($A9,Day1!$A$1:$H$394,5,FALSE()) -> 2 | K9: =VLOOKUP($A9,Day1!$A$1:$H$394,6,FALSE()) -> 0 | L9: =VLOOKUP($A9,Day1!$A$1:$H$394,7,FALSE()) -> 0 | M9: =SUM(I9:L9) -> 9 | N9: =ROMAN(RANK(M9,$M$3:$M$28,0)) -> III
A10: 196087 | B10: F(11-р анги) II-I | C10: Жаргалант сумын 3-р сургууль | D10: Баасандулам | E10: Цэнд-Аюуш | F10: 196087 | G10: 11-р анги | H10: а | I10: =VLOOKUP($A10,Day1!$A$1:$H$394,4,FALSE()) -> 0 | J10: =VLOOKUP($A10,Day1!$A$1:$H$394,5,FALSE()) -> 0 | K10: =VLOOKUP($A10,Day1!$A$1:$H$394,6,FALSE()) -> 0 | L10: =VLOOKUP($A10,Day1!$A$1:$H$394,7,FALSE()) -> 0 | M10: =SUM(I10:L10) -> 0 | N10: =ROMAN(RANK(M10,$M$3:$M$28,0)) -> XVI
A11: 124032 | B11: F(11-р анги) II-I | C11: Булган сумын 1-р сургууль | D11: Ганзориг | E11: Чулуунбаатар | F11: 124032 | G11: 11-р анги | H11: а | I11: =VLOOKUP($A11,Day1!$A$1:$H$394,4,FALSE()) -> 7 | J11: =VLOOKUP($A11,Day1!$A$1:$H$394,5,FALSE()) -> 2 | K11: =VLOOKUP($A11,Day1!$A$1:$H$394,6,FALSE()) -> 0 | L11: =VLOOKUP($A11,Day1!$A$1:$H$394,7,FALSE()) -> 0 | M11: =SUM(I11:L11) -> 9 | N11: =ROMAN(RANK(M11,$M$3:$M$28,0)) -> III
A12: 99196 | B12: F(11-р анги) II-I | C12: Жаргалант сумын 7-р сургууль | D12: Мянганбаяр | E12: Энхнасан | F12: 99196 | G12: 11-р анги | H12: а | I12: =VLOOKUP($A12,Day1!$A$1:$H$394,4,FALSE()) -> 7 | J12: =VLOOKUP($A12,Day1!$A$1:$H$394,5,FALSE()) -> 2 | K12: =VLOOKUP($A12,Day1!$A$1:$H$394,6,FALSE()) -> 0 | L12: =VLOOKUP($A12,Day1!$A$1:$H$394,7,FALSE()) -> 0 | M12: =SUM(I12:L12) -> 9 | N12: =ROMAN(RANK(M12,$M$3:$M$28,0)) -> III
A13: 110020 | B13: F(11-р анги) II-I | C13: Жаргалант сумын МУИС-ын баруун бүсийн ахлах сургууль | D13: Жанцанноров | E13: Борхүү | F13: 110020 | G13: 11-р анги | H13: а | I13: =VLOOKUP($A13,Day1!$A$1:$H$394,4,FALSE()) -> 0 | J13: =VLOOKUP($A13,Day1!$A$1:$H$394,5,FALSE()) -> 2 | K13: =VLOOKUP($A13,Day1!$A$1:$H$394,6,FALSE()) -> 0 | L13: =VLOOKUP($A13,Day1!$A$1:$H$394,7,FALSE()) -> 0 | M13: =SUM(I13:L13) -> 2 | N13: =ROMAN(RANK(M13,$M$3:$M$28,0)) -> XI
A14: 3881 | B14: F(11-р анги) II-I | C14: Жаргалант сумын 6-р сургууль | D14: Дашням | E14: Бямбасэрж | F14: 3881 | G14: 11-р анги | H14: в | I14: =VLOOKUP($A14,Day1!$A$1:$H$394,4,FALSE()) -> 0 | J14: =VLOOKUP($A14,Day1!$A$1:$H$394,5,FALSE()) -> 0 | K14: =VLOOKUP($A14,Day1!$A$1:$H$394,6,FALSE()) -> 0 | L14: =VLOOKUP($A14,Day1!$A$1:$H$394,7,FALSE()) -> 0 | M14: =SUM(I14:L14) -> 0 | N14: =ROMAN(RANK(M14,$M$3:$M$28,0)) -> XVI
... A28: 110930 | B28: F(11-р анги) II-I | C28: Алтай сумын сургууль | D28: Хишигбаатар | E28: Энхбаяр | F28: 110930 | G28: 11-р анги | H28: б | I28: =VLOOKUP($A28,Day1!$A$1:$H$394,4,FALSE()) -> 7 | J28: =VLOOKUP($A28,Day1!$A$1:$H$394,5,FALSE()) -> 2 | K28: =VLOOKUP($A28,Day1!$A$1:$H$394,6,FALSE()) -> 0 | L28: =VLOOKUP($A28,Day1!$A$1:$H$394,7,FALSE()) -> 0 | M28: =SUM(I28:L28) -> 9 | N28: =ROMAN(RANK(M28,$M$3:$M$28,0)) -> III

Sheet 12-р анги өдөр-1
A2: ID | B2: Ангилал | C2: Сургууль | D2: Нэр | E2: Овог | F2: ID | G2: Тоо (G) | H2: Бүлэг (H) | I2: Бод-1 | J2: Бод-2 | K2: Бод-3 | L2: Бод-4 | M2: НИЙТ оноо | N2: Эзэлсэн байр
A3: 142740 | B3: F(12-р анги) II-I | C3: Жаргалант сумын Цаст-Алтай сургууль | D3: Лаура | E3: Ахит | F3: 142740 | G3: 12-р анги | H3: в | I3: =VLOOKUP($A3,Day1!$A$1:$H$394,4,FALSE()) -> 7 | J3: =VLOOKUP($A3,Day1!$A$1:$H$394,5,FALSE()) -> 2.5 | K3: =VLOOKUP($A3,Day1!$A$1:$H$394,6,FALSE()) -> 0 | L3: =VLOOKUP($A3,Day1!$A$1:$H$394,7,FALSE()) -> 0 | M3: =SUM(I3:L3) -> 9.5 | N3: =ROMAN(RANK(M3,$M$3:$M$30,0)) -> II
A4: 82535 | B4: F(12-р анги) II-I | C4: Жаргалант сумын Прогресс сургууль | D4: Энхсайхан | E4: Батбаяр | F4: 82535 | G4: 12-р анги | H4: а | I4: =VLOOKUP($A4,Day1!$A$1:$H$394,4,FALSE()) -> 7 | J4: =VLOOKUP($A4,Day1!$A$1:$H$394,5,FALSE()) -> 3 | K4: =VLOOKUP($A4,Day1!$A$1:$H$394,6,FALSE()) -> 0 | L4: =VLOOKUP($A4,Day1!$A$1:$H$394,7,FALSE()) -> 0 | M4: =SUM(I4:L4) -> 10 | N4: =ROMAN(RANK(M4,$M$3:$M$30,0)) -> I
A5: 82456 | B5: F(12-р анги) II-I | C5: Жаргалант сумын Прогресс сургууль | D5: Болд-Эрдэнэ | E5: Нямдорж | F5: 82456 | G5: 12-р анги | H5: а | I5: =VLOOKUP($A5,Day1!$A$1:$H$394,4,FALSE()) -> 7 | J5: =VLOOKUP($A5,Day1!$A$1:$H$394,5,FALSE()) -> 2 | K5: =VLOOKUP($A5,Day1!$A$1:$H$394,6,FALSE()) -> 0 | L5: =VLOOKUP($A5,Day1!$A$1:$H$394,7,FALSE()) -> 0 | M5: =SUM(I5:L5) -> 9 | N5: =ROMAN(RANK(M5,$M$3:$M$30,0)) -> III
A6: 59433 | B6: F(12-р анги) II-I | C6: Үенч сумын сургууль | D6: Эрдэнэхонгор | E6: Ганболд | F6: 59433 | G6: 12-р анги | H6: б | I6: =VLOOKUP($A6,Day1!$A$1:$H$394,4,FALSE()) -> 7 | J6: =VLOOKUP($A6,Day1!$A$1:$H$394,5,FALSE()) -> 2 | K6: =VLOOKUP($A6,Day1!$A$1:$H$394,6,FALSE()) -> 0 | L6: =VLOOKUP($A6,Day1!$A$1:$H$394,7,FALSE()) -> 0 | M6: =SUM(I6:L6) -> 9 | N6: =ROMAN(RANK(M6,$M$3:$M$30,0)) -> III
A7: 82453 | B7: F(12-р анги) II-I | C7: Жаргалант сумын Прогресс сургууль | D7: Бадар-Ууган | E7: Цэрэнбадам | F7: 82453 | G7: 12-р анги | H7: а | I7: =VLOOKUP($A7,Day1!$A$1:$H$394,4,FALSE()) -> 7 | J7: =VLOOKUP($A7,Day1!$A$1:$H$394,5,FALSE()) -> 2 | K7: =VLOOKUP($A7,Day1!$A$1:$H$394,6,FALSE()) -> 0 | L7: =VLOOKUP($A7,Day1!$A$1:$H$394,7,FALSE()) -> 0 | M7: =SUM(I7:L7) -> 9 | N7: =ROMAN(RANK(M7,$M$3:$M$30,0)) -> III
A8: 110661 | B8: F(12-р анги) II-I | C8: Жаргалант сумын 7-р сургууль | D8: Нямхүү | E8: Лхагвасүрэн | F8: 110661 | G8: 12-р анги | H8: б | I8: =VLOOKUP($A8,Day1!$A$1:$H$394,4,FALSE()) -> 7 | J8: =VLOOKUP($A8,Day1!$A$1:$H$394,5,FALSE()) -> 2 | K8: =VLOOKUP($A8,Day1!$A$1:$H$394,6,FALSE()) -> 0 | L8: =VLOOKUP($A8,Day1!$A$1:$H$394,7,FALSE()) -> 0 | M8: =SUM(I8:L8) -> 9 | N8: =ROMAN(RANK(M8,$M$3:$M$30,0)) -> III
A9: 122031 | B9: F(12-р анги) II-I | C9: Жаргалант сумын 3-р сургууль | D9: Нарантуяа | E9: Наянтай | F9: 122031 | G9: 12-р анги | H9: а | I9: =VLOOKUP($A9,Day1!$A$1:$H$394,4,FALSE()) -> 7 | J9: =VLOOKUP($A9,Day1!$A$1:$H$394,5,FALSE()) -> 2 | K9: =VLOOKUP($A9,Day1!$A$1:$H$394,6,FALSE()) -> 0 | L9: =VLOOKUP($A9,Day1!$A$1:$H$394,7,FALSE()) -> 0 | M9: =SUM(I9:L9) -> 9 | N9: =ROMAN(RANK(M9,$M$3:$M$30,0)) -> III
A10: 129372 | B10: F(12-р анги) II-I | C10: Булган сумын 1-р сургууль | D10: Мөнхмишээл | E10: Боргил | F10: 129372 | G10: 12-р анги | H10: в | I10: =VLOOKUP($A10,Day1!$A$1:$H$394,4,FALSE()) -> 6 | J10: =VLOOKUP($A10,Day1!$A$1:$H$394,5,FALSE()) -> 0 | K10: =VLOOKUP($A10,Day1!$A$1:$H$394,6,FALSE()) -> 0 | L10: =VLOOKUP($A10,Day1!$A$1:$H$394,7,FALSE()) -> 0 | M10: =SUM(I10:L10) -> 6 | N10: =ROMAN(RANK(M10,$M$3:$M$30,0)) -> IX
A11: 109503 | B11: F(12-р анги) II-I | C11: Жаргалант сумын 1-р сургууль | D11: Сарангэрэл | E11: Ганбаатар | F11: 109503 | G11: 12-р анги | H11: г | I11: =VLOOKUP($A11,Day1!$A$1:$H$394,4,FALSE()) -> 3 | J11: =VLOOKUP($A11,Day1!$A$1:$H$394,5,FALSE()) -> 2 | K11: =VLOOKUP($A11,Day1!$A$1:$H$394,6,FALSE()) -> 0 | L11: =VLOOKUP($A11,Day1!$A$1:$H$394,7,FALSE()) -> 0 | M11: =SUM(I11:L11) -> 5 | N11: =ROMAN(RANK(M11,$M$3:$M$30,0)) -> X
A12: 178304 | B12: F(12-р анги) II-I | C12: Жаргалант сумын Прогресс сургууль | D12: Өсөх-ирээдүй | E12: Ганбаяр | F12: 178304 | G12: 12-р анги | H12: а | I12: =VLOOKUP($A12,Day1!$A$1:$H$394,4,FALSE()) -> 3 | J12: =VLOOKUP($A12,Day1!$A$1:$H$394,5,FALSE()) -> 2 | K12: =VLOOKUP($A12,Day1!$A$1:$H$394,6,FALSE()) -> 0 | L12: =VLOOKUP($A12,Day1!$A$1:$H$394,7,FALSE()) -> 0 | M12: =SUM(I12:L12) -> 5 | N12: =ROMAN(RANK(M12,$M$3:$M$30,0)) -> X
A13: 203256 | B13: F(12-р анги) II-I | C13: Жаргалант сумын Цаст-Алтай сургууль | D13: Оюунболор | E13: Баянмөнх | F13: 203256 | G13: 12-р анги | H13: г | I13: =VLOOKUP($A13,Day1!$A$1:$H$394,4,FALSE()) -> 0 | J13: =VLOOKUP($A13,Day1!$A$1:$H$394,5,FALSE()) -> 2 | K13: =VLOOKUP($A13,Day1!$A$1:$H$394,6,FALSE()) -> 0 | L13: =VLOOKUP($A13,Day1!$A$1:$H$394,7,FALSE()) -> 0 | M13: =SUM(I13:L13) -> 2 | N13: =ROMAN(RANK(M13,$M$3:$M$30,0)) -> XII
A14: 118442 | B14: F(12-р анги) II-I | C14: Цэцэг сумын сургууль | D14: Маралжингоо | E14: Галбадрах | F14: 118442 | G14: 12-р анги | H14: а | I14: =VLOOKUP($A14,Day1!$A$1:$H$394,4,FALSE()) -> 0 | J14: =VLOOKUP($A14,Day1!$A$1:$H$394,5,FALSE()) -> 2 | K14: =VLOOKUP($A14,Day1!$A$1:$H$394,6,FALSE()) -> 0 | L14: =VLOOKUP($A14,Day1!$A$1:$H$394,7,FALSE()) -> 0 | M14: =SUM(I14:L14) -> 2 | N14: =ROMAN(RANK(M14,$M$3:$M$30,0)) -> XII
... A30: 87436 | B30: F(12-р анги) II-I | C30: Жаргалант сумын 2-р сургууль | D30: Ганхуяг | E30: Цэвээндорж | F30: 87436 | G30: 12-р анги | H30: б | I30: =VLOOKUP($A30,Day1!$A$1:$H$394,4,FALSE()) -> 7 | J30: =VLOOKUP($A30,Day1!$A$1:$H$394,5,FALSE()) -> 0 | K30: =VLOOKUP($A30,Day1!$A$1:$H$394,6,FALSE()) -> 0 | L30: =VLOOKUP($A30,Day1!$A$1:$H$394,7,FALSE()) -> 0 | M30: =SUM(I30:L30) -> 7 | N30: =ROMAN(RANK(M30,$M$3:$M$30,0)) -> VIII

Sheet 12-р анги өдөр-2
A2: ID | B2: Ангилал | C2: Сургууль | D2: Нэр | E2: Овог | F2: ID | G2: Тоо (G) | H2: Бүлэг (H) | I2: Бод-1 | J2: Бод-2 | K2: Бод-3 | L2: Бод-4 | M2: НИЙТ оноо | N2: Эзэлсэн байр
A3: 142740 | B3: F(12-р анги) II-I | C3: Жаргалант сумын Цаст-Алтай сургууль | D3: Лаура | E3: Ахит | F3: 142740 | G3: 12-р анги | H3: в | I3: =VLOOKUP($A3,Day2!$A$1:$H$400,4,FALSE()) -> 0 | J3: =VLOOKUP($A3,Day2!$A$1:$H$400,5,FALSE()) -> 0 | K3: =VLOOKUP($A3,Day2!$A$1:$H$400,6,FALSE()) -> 0 | L3: =VLOOKUP($A3,Day2!$A$1:$H$400,7,FALSE()) -> 0 | M3: =SUM(I3:L3) -> 0 | N3: =ROMAN(RANK(M3,$M$3:$M$30,0)) -> VI
A4: 82535 | B4: F(12-р анги) II-I | C4: Жаргалант сумын Прогресс сургууль | D4: Энхсайхан | E4: Батбаяр | F4: 82535 | G4: 12-р анги | H4: а | I4: =VLOOKUP($A4,Day2!$A$1:$H$400,4,FALSE()) -> 0 | J4: =VLOOKUP($A4,Day2!$A$1:$H$400,5,FALSE()) -> 0 | K4: =VLOOKUP($A4,Day2!$A$1:$H$400,6,FALSE()) -> 0 | L4: =VLOOKUP($A4,Day2!$A$1:$H$400,7,FALSE()) -> 0 | M4: =SUM(I4:L4) -> 0 | N4: =ROMAN(RANK(M4,$M$3:$M$30,0)) -> VI
A5: 82456 | B5: F(12-р анги) II-I | C5: Жаргалант сумын Прогресс сургууль | D5: Болд-Эрдэнэ | E5: Нямдорж | F5: 82456 | G5: 12-р анги | H5: а | I5: =VLOOKUP($A5,Day2!$A$1:$H$400,4,FALSE()) -> 2 | J5: =VLOOKUP($A5,Day2!$A$1:$H$400,5,FALSE()) -> 0 | K5: =VLOOKUP($A5,Day2!$A$1:$H$400,6,FALSE()) -> 0 | L5: =VLOOKUP($A5,Day2!$A$1:$H$400,7,FALSE()) -> 0 | M5: =SUM(I5:L5) -> 2 | N5: =ROMAN(RANK(M5,$M$3:$M$30,0)) -> III
A6: 59433 | B6: F(12-р анги) II-I | C6: Үенч сумын сургууль | D6: Эрдэнэхонгор | E6: Ганболд | F6: 59433 | G6: 12-р анги | H6: б | I6: =VLOOKUP($A6,Day2!$A$1:$H$400,4,FALSE()) -> 0 | J6: =VLOOKUP($A6,Day2!$A$1:$H$400,5,FALSE()) -> 0 | K6: =VLOOKUP($A6,Day2!$A$1:$H$400,6,FALSE()) -> 0 | L6: =VLOOKUP($A6,Day2!$A$1:$H$400,7,FALSE()) -> 0 | M6: =SUM(I6:L6) -> 0 | N6: =ROMAN(RANK(M6,$M$3:$M$30,0)) -> VI
A7: 82453 | B7: F(12-р анги) II-I | C7: Жаргалант сумын Прогресс сургууль | D7: Бадар-Ууган | E7: Цэрэнбадам | F7: 82453 | G7: 12-р анги | H7: а | I7: =VLOOKUP($A7,Day2!$A$1:$H$400,4,FALSE()) -> 0 | J7: =VLOOKUP($A7,Day2!$A$1:$H$400,5,FALSE()) -> 0 | K7: =VLOOKUP($A7,Day2!$A$1:$H$400,6,FALSE()) -> 0 | L7: =VLOOKUP($A7,Day2!$A$1:$H$400,7,FALSE()) -> 0 | M7: =SUM(I7:L7) -> 0 | N7: =ROMAN(RANK(M7,$M$3:$M$30,0)) -> VI
A8: 110661 | B8: F(12-р анги) II-I | C8: Жаргалант сумын 7-р сургууль | D8: Нямхүү | E8: Лхагвасүрэн | F8: 110661 | G8: 12-р анги | H8: б | I8: =VLOOKUP($A8,Day2!$A$1:$H$400,4,FALSE()) -> 0 | J8: =VLOOKUP($A8,Day2!$A$1:$H$400,5,FALSE()) -> 0 | K8: =VLOOKUP($A8,Day2!$A$1:$H$400,6,FALSE()) -> 0 | L8: =VLOOKUP($A8,Day2!$A$1:$H$400,7,FALSE()) -> 0 | M8: =SUM(I8:L8) -> 0 | N8: =ROMAN(RANK(M8,$M$3:$M$30,0)) -> VI
A9: 122031 | B9: F(12-р анги) II-I | C9: Жаргалант сумын 3-р сургууль | D9: Нарантуяа | E9: Наянтай | F9: 122031 | G9: 12-р анги | H9: а | I9: =VLOOKUP($A9,Day2!$A$1:$H$400,4,FALSE()) -> 0 | J9: =VLOOKUP($A9,Day2!$A$1:$H$400,5,FALSE()) -> 0 | K9: =VLOOKUP($A9,Day2!$A$1:$H$400,6,FALSE()) -> 0 | L9: =VLOOKUP($A9,Day2!$A$1:$H$400,7,FALSE()) -> 0 | M9: =SUM(I9:L9) -> 0 | N9: =ROMAN(RANK(M9,$M$3:$M$30,0)) -> VI
A10: 129372 | B10: F(12-р анги) II-I | C10: Булган сумын 1-р сургууль | D10: Мөнхмишээл | E10: Боргил | F10: 129372 | G10: 12-р анги | H10: в | I10: =VLOOKUP($A10,Day2!$A$1:$H$400,4,FALSE()) -> 3 | J10: =VLOOKUP($A10,Day2!$A$1:$H$400,5,FALSE()) -> 0 | K10: =VLOOKUP($A10,Day2!$A$1:$H$400,6,FALSE()) -> 0 | L10: =VLOOKUP($A10,Day2!$A$1:$H$400,7,FALSE()) -> 0 | M10: =SUM(I10:L10) -> 3 | N10: =ROMAN(RANK(M10,$M$3:$M$30,0)) -> I
A11: 109503 | B11: F(12-р анги) II-I | C11: Жаргалант сумын 1-р сургууль | D11: Сарангэрэл | E11: Ганбаатар | F11: 109503 | G11: 12-р анги | H11: г | I11: =VLOOKUP($A11,Day2!$A$1:$H$400,4,FALSE()) -> 2 | J11: =VLOOKUP($A11,Day2!$A$1:$H$400,5,FALSE()) -> 0 | K11: =VLOOKUP($A11,Day2!$A$1:$H$400,6,FALSE()) -> 0 | L11: =VLOOKUP($A11,Day2!$A$1:$H$400,7,FALSE()) -> 0 | M11: =SUM(I11:L11) -> 2 | N11: =ROMAN(RANK(M11,$M$3:$M$30,0)) -> III
A12: 178304 | B12: F(12-р анги) II-I | C12: Жаргалант сумын Прогресс сургууль | D12: Өсөх-ирээдүй | E12: Ганбаяр | F12: 178304 | G12: 12-р анги | H12: а | I12: =VLOOKUP($A12,Day2!$A$1:$H$400,4,FALSE()) -> 0 | J12: =VLOOKUP($A12,Day2!$A$1:$H$400,5,FALSE()) -> 0 | K12: =VLOOKUP($A12,Day2!$A$1:$H$400,6,FALSE()) -> 0 | L12: =VLOOKUP($A12,Day2!$A$1:$H$400,7,FALSE()) -> 0 | M12: =SUM(I12:L12) -> 0 | N12: =ROMAN(RANK(M12,$M$3:$M$30,0)) -> VI
A13: 203256 | B13: F(12-р анги) II-I | C13: Жаргалант сумын Цаст-Алтай сургууль | D13: Оюунболор | E13: Баянмөнх | F13: 203256 | G13: 12-р анги | H13: г | I13: =VLOOKUP($A13,Day2!$A$1:$H$400,4,FALSE()) -> 0 | J13: =VLOOKUP($A13,Day2!$A$1:$H$400,5,FALSE()) -> 0 | K13: =VLOOKUP($A13,Day2!$A$1:$H$400,6,FALSE()) -> 0 | L13: =VLOOKUP($A13,Day2!$A$1:$H$400,7,FALSE()) -> 0 | M13: =SUM(I13:L13) -> 0 | N13: =ROMAN(RANK(M13,$M$3:$M$30,0)) -> VI
A14: 118442 | B14: F(12-р анги) II-I | C14: Цэцэг сумын сургууль | D14: Маралжингоо | E14: Галбадрах | F14: 118442 | G14: 12-р анги | H14: а | I14: =VLOOKUP($A14,Day2!$A$1:$H$400,4,FALSE()) -> 0 | J14: =VLOOKUP($A14,Day2!$A$1:$H$400,5,FALSE()) -> 0 | K14: =VLOOKUP($A14,Day2!$A$1:$H$400,6,FALSE()) -> 0 | L14: =VLOOKUP($A14,Day2!$A$1:$H$400,7,FALSE()) -> 0 | M14: =SUM(I14:L14) -> 0 | N14: =ROMAN(RANK(M14,$M$3:$M$30,0)) -> VI
... A30: 87436 | B30: F(12-р анги) II-I | C30: Жаргалант сумын 2-р сургууль | D30: Ганхуяг | E30: Цэвээндорж | F30: 87436 | G30: 12-р анги | H30: б | I30: =VLOOKUP($A30,Day2!$A$1:$H$400,4,FALSE()) -> 0 | J30: =VLOOKUP($A30,Day2!$A$1:$H$400,5,FALSE()) -> 0 | K30: =VLOOKUP($A30,Day2!$A$1:$H$400,6,FALSE()) -> 0 | L30: =VLOOKUP($A30,Day2!$A$1:$H$400,7,FALSE()) -> 0 | M30: =SUM(I30:L30) -> 0 | N30: =ROMAN(RANK(M30,$M$3:$M$30,0)) -> VI

Sheet Sec_key
A1: Math&2025
